# Water Recovery,Inlet Salinity,LCOW,SEC,Evaporator area,Evaporator temperature,Evaporator pressure,Compressor pressure ratio
4.500000e-01,3.500000e-02,3.792871e+00,1.497059e+01,5.278350e+02,3.481500e+02,6.487993e+04,1.372044e+00
4.500000e-01,3.827586e-02,3.794339e+00,1.498010e+01,5.300862e+02,3.481500e+02,6.474628e+04,1.372320e+00
4.500000e-01,4.155172e-02,3.795826e+00,1.498976e+01,5.323580e+02,3.481500e+02,6.461146e+04,1.372601e+00
4.500000e-01,4.482759e-02,3.797334e+00,1.499957e+01,5.346506e+02,3.481500e+02,6.447546e+04,1.372886e+00
4.500000e-01,4.810345e-02,3.798863e+00,1.500953e+01,5.369642e+02,3.481500e+02,6.433828e+04,1.373175e+00
4.500000e-01,5.137931e-02,3.800413e+00,1.501964e+01,5.392994e+02,3.481500e+02,6.419988e+04,1.373469e+00
4.500000e-01,5.465517e-02,3.801985e+00,1.502991e+01,5.416562e+02,3.481500e+02,6.406026e+04,1.373768e+00
4.500000e-01,5.793103e-02,3.803579e+00,1.504034e+01,5.440351e+02,3.481500e+02,6.391940e+04,1.374071e+00
4.500000e-01,6.120690e-02,3.805197e+00,1.505093e+01,5.464364e+02,3.481500e+02,6.377728e+04,1.374380e+00
4.500000e-01,6.448276e-02,3.806837e+00,1.506169e+01,5.488604e+02,3.481500e+02,6.363389e+04,1.374693e+00
4.500000e-01,6.775862e-02,3.808501e+00,1.507263e+01,5.513076e+02,3.481500e+02,6.348920e+04,1.375011e+00
4.500000e-01,7.103448e-02,3.810190e+00,1.508374e+01,5.537781e+02,3.481500e+02,6.334321e+04,1.375335e+00
4.500000e-01,7.431034e-02,3.811903e+00,1.509503e+01,5.562724e+02,3.481500e+02,6.319589e+04,1.375664e+00
4.500000e-01,7.758621e-02,3.813642e+00,1.510651e+01,5.587908e+02,3.481500e+02,6.304722e+04,1.375999e+00
4.500000e-01,8.086207e-02,3.815407e+00,1.511818e+01,5.613337e+02,3.481500e+02,6.289719e+04,1.376339e+00
4.500000e-01,8.413793e-02,3.817198e+00,1.513005e+01,5.639016e+02,3.481500e+02,6.274578e+04,1.376685e+00
4.500000e-01,8.741379e-02,3.819016e+00,1.514211e+01,5.664947e+02,3.481500e+02,6.259296e+04,1.377036e+00
4.500000e-01,9.068966e-02,3.820862e+00,1.515438e+01,5.691135e+02,3.481500e+02,6.243873e+04,1.377394e+00
4.500000e-01,9.396552e-02,3.822737e+00,1.516685e+01,5.717584e+02,3.481500e+02,6.228305e+04,1.377758e+00
4.500000e-01,9.724138e-02,3.824640e+00,1.517954e+01,5.744298e+02,3.481500e+02,6.212591e+04,1.378129e+00
4.500000e-01,1.005172e-01,3.826573e+00,1.519246e+01,5.771280e+02,3.481500e+02,6.196729e+04,1.378506e+00
4.500000e-01,1.037931e-01,3.828537e+00,1.520559e+01,5.798537e+02,3.481500e+02,6.180717e+04,1.378890e+00
4.500000e-01,1.070690e-01,3.830532e+00,1.521896e+01,5.826071e+02,3.481500e+02,6.164552e+04,1.379281e+00
4.500000e-01,1.103448e-01,3.832559e+00,1.523257e+01,5.853888e+02,3.481500e+02,6.148232e+04,1.379678e+00
4.500000e-01,1.136207e-01,3.834618e+00,1.524642e+01,5.881992e+02,3.481500e+02,6.131756e+04,1.380083e+00
4.500000e-01,1.168966e-01,3.836711e+00,1.526052e+01,5.910388e+02,3.481500e+02,6.115120e+04,1.380496e+00
4.500000e-01,1.201724e-01,3.838838e+00,1.527488e+01,5.939080e+02,3.481500e+02,6.098323e+04,1.380916e+00
4.500000e-01,1.234483e-01,3.841000e+00,1.528951e+01,5.968074e+02,3.481500e+02,6.081362e+04,1.381344e+00
4.500000e-01,1.267241e-01,3.843198e+00,1.530441e+01,5.997374e+02,3.481500e+02,6.064235e+04,1.381781e+00
4.500000e-01,1.300000e-01,3.845434e+00,1.531958e+01,6.026986e+02,3.481500e+02,6.046939e+04,1.382225e+00
4.603448e-01,3.500000e-02,3.766961e+00,1.482737e+01,5.440035e+02,3.481500e+02,6.485265e+04,1.367889e+00
4.603448e-01,3.827586e-02,3.768484e+00,1.483725e+01,5.463306e+02,3.481500e+02,6.471618e+04,1.368175e+00
4.603448e-01,4.155172e-02,3.770029e+00,1.484728e+01,5.486791e+02,3.481500e+02,6.457850e+04,1.368466e+00
4.603448e-01,4.482759e-02,3.771595e+00,1.485747e+01,5.510493e+02,3.481500e+02,6.443959e+04,1.368761e+00
4.603448e-01,4.810345e-02,3.773184e+00,1.486782e+01,5.534414e+02,3.481500e+02,6.429944e+04,1.369061e+00
4.603448e-01,5.137931e-02,3.774795e+00,1.487834e+01,5.558559e+02,3.481500e+02,6.415803e+04,1.369366e+00
4.603448e-01,5.465517e-02,3.776430e+00,1.488901e+01,5.582930e+02,3.481500e+02,6.401535e+04,1.369676e+00
4.603448e-01,5.793103e-02,3.778088e+00,1.489986e+01,5.607532e+02,3.481500e+02,6.387136e+04,1.369990e+00
4.603448e-01,6.120690e-02,3.779770e+00,1.491089e+01,5.632366e+02,3.481500e+02,6.372607e+04,1.370310e+00
4.603448e-01,6.448276e-02,3.781478e+00,1.492209e+01,5.657438e+02,3.481500e+02,6.357945e+04,1.370635e+00
4.603448e-01,6.775862e-02,3.783210e+00,1.493348e+01,5.682750e+02,3.481500e+02,6.343147e+04,1.370966e+00
4.603448e-01,7.103448e-02,3.784968e+00,1.494506e+01,5.708306e+02,3.481500e+02,6.328213e+04,1.371302e+00
4.603448e-01,7.431034e-02,3.786753e+00,1.495683e+01,5.734110e+02,3.481500e+02,6.313141e+04,1.371644e+00
4.603448e-01,7.758621e-02,3.788564e+00,1.496879e+01,5.760166e+02,3.481500e+02,6.297928e+04,1.371992e+00
4.603448e-01,8.086207e-02,3.790403e+00,1.498096e+01,5.786477e+02,3.481500e+02,6.282572e+04,1.372345e+00
4.603448e-01,8.413793e-02,3.792271e+00,1.499334e+01,5.813049e+02,3.481500e+02,6.267072e+04,1.372705e+00
4.603448e-01,8.741379e-02,3.794167e+00,1.500592e+01,5.839884e+02,3.481500e+02,6.251425e+04,1.373071e+00
4.603448e-01,9.068966e-02,3.796093e+00,1.501873e+01,5.866987e+02,3.481500e+02,6.235629e+04,1.373444e+00
4.603448e-01,9.396552e-02,3.798049e+00,1.503176e+01,5.894363e+02,3.481500e+02,6.219683e+04,1.373823e+00
4.603448e-01,9.724138e-02,3.800036e+00,1.504502e+01,5.922015e+02,3.481500e+02,6.203584e+04,1.374209e+00
4.603448e-01,1.005172e-01,3.802055e+00,1.505851e+01,5.949949e+02,3.481500e+02,6.187329e+04,1.374602e+00
4.603448e-01,1.037931e-01,3.804106e+00,1.507225e+01,5.978168e+02,3.481500e+02,6.170917e+04,1.375002e+00
4.603448e-01,1.070690e-01,3.806191e+00,1.508623e+01,6.006678e+02,3.481500e+02,6.154345e+04,1.375410e+00
4.603448e-01,1.103448e-01,3.808309e+00,1.510047e+01,6.035482e+02,3.481500e+02,6.137612e+04,1.375825e+00
4.603448e-01,1.136207e-01,3.810463e+00,1.511497e+01,6.064587e+02,3.481500e+02,6.120713e+04,1.376248e+00
4.603448e-01,1.168966e-01,3.812652e+00,1.512974e+01,6.093997e+02,3.481500e+02,6.103648e+04,1.376679e+00
4.603448e-01,1.201724e-01,3.814879e+00,1.514479e+01,6.123718e+02,3.481500e+02,6.086413e+04,1.377118e+00
4.603448e-01,1.234483e-01,3.817142e+00,1.516012e+01,6.153753e+02,3.481500e+02,6.069007e+04,1.377565e+00
4.603448e-01,1.267241e-01,3.819445e+00,1.517574e+01,6.184110e+02,3.481500e+02,6.051426e+04,1.378022e+00
4.603448e-01,1.300000e-01,nan,nan,nan,nan,nan,nan
4.706897e-01,3.500000e-02,3.742518e+00,1.469176e+01,5.602041e+02,3.481500e+02,6.482425e+04,1.363968e+00
4.706897e-01,3.827586e-02,3.744100e+00,1.470202e+01,5.626080e+02,3.481500e+02,6.468485e+04,1.364264e+00
4.706897e-01,4.155172e-02,3.745704e+00,1.471244e+01,5.650341e+02,3.481500e+02,6.454418e+04,1.364565e+00
4.706897e-01,4.482759e-02,3.747331e+00,1.472303e+01,5.674828e+02,3.481500e+02,6.440223e+04,1.364871e+00
4.706897e-01,4.810345e-02,3.748981e+00,1.473379e+01,5.699543e+02,3.481500e+02,6.425899e+04,1.365182e+00
4.706897e-01,5.137931e-02,3.750656e+00,1.474471e+01,5.724492e+02,3.481500e+02,6.411443e+04,1.365498e+00
4.706897e-01,5.465517e-02,3.752355e+00,1.475582e+01,5.749675e+02,3.481500e+02,6.396854e+04,1.365819e+00
4.706897e-01,5.793103e-02,3.754079e+00,1.476711e+01,5.775099e+02,3.481500e+02,6.382130e+04,1.366146e+00
4.706897e-01,6.120690e-02,3.755829e+00,1.477858e+01,5.800766e+02,3.481500e+02,6.367268e+04,1.366478e+00
4.706897e-01,6.448276e-02,3.757605e+00,1.479024e+01,5.826679e+02,3.481500e+02,6.352268e+04,1.366815e+00
4.706897e-01,6.775862e-02,3.759408e+00,1.480210e+01,5.852843e+02,3.481500e+02,6.337127e+04,1.367158e+00
4.706897e-01,7.103448e-02,3.761238e+00,1.481416e+01,5.879262e+02,3.481500e+02,6.321843e+04,1.367508e+00
4.706897e-01,7.431034e-02,3.763097e+00,1.482642e+01,5.905939e+02,3.481500e+02,6.306414e+04,1.367863e+00
4.706897e-01,7.758621e-02,3.764984e+00,1.483890e+01,5.932879e+02,3.481500e+02,6.290837e+04,1.368224e+00
4.706897e-01,8.086207e-02,3.766901e+00,1.485159e+01,5.960085e+02,3.481500e+02,6.275112e+04,1.368592e+00
4.706897e-01,8.413793e-02,3.768847e+00,1.486450e+01,5.987563e+02,3.481500e+02,6.259236e+04,1.368967e+00
4.706897e-01,8.741379e-02,3.770825e+00,1.487764e+01,6.015316e+02,3.481500e+02,6.243206e+04,1.369348e+00
4.706897e-01,9.068966e-02,3.772834e+00,1.489101e+01,6.043348e+02,3.481500e+02,6.227020e+04,1.369736e+00
4.706897e-01,9.396552e-02,3.774875e+00,1.490461e+01,6.071665e+02,3.481500e+02,6.210677e+04,1.370131e+00
4.706897e-01,9.724138e-02,3.776949e+00,1.491847e+01,6.100271e+02,3.481500e+02,6.194173e+04,1.370533e+00
4.706897e-01,1.005172e-01,3.779057e+00,1.493257e+01,6.129171e+02,3.481500e+02,6.177506e+04,1.370943e+00
4.706897e-01,1.037931e-01,3.781200e+00,1.494694e+01,6.158369e+02,3.481500e+02,6.160674e+04,1.371360e+00
4.706897e-01,1.070690e-01,3.783379e+00,1.496157e+01,6.187870e+02,3.481500e+02,6.143675e+04,1.371785e+00
4.706897e-01,1.103448e-01,3.785594e+00,1.497647e+01,6.217680e+02,3.481500e+02,6.126506e+04,1.372219e+00
4.706897e-01,1.136207e-01,3.787846e+00,1.499165e+01,6.247803e+02,3.481500e+02,6.109164e+04,1.372660e+00
4.706897e-01,1.168966e-01,3.790137e+00,1.500712e+01,6.278246e+02,3.481500e+02,6.091646e+04,1.373111e+00
4.706897e-01,1.201724e-01,3.792467e+00,1.502289e+01,6.309012e+02,3.481500e+02,6.073951e+04,1.373570e+00
4.706897e-01,1.234483e-01,3.794837e+00,1.503896e+01,6.340109e+02,3.481500e+02,6.056075e+04,1.374038e+00
4.706897e-01,1.267241e-01,3.797249e+00,1.505535e+01,6.371541e+02,3.481500e+02,6.038016e+04,1.374515e+00
4.706897e-01,1.300000e-01,nan,nan,nan,nan,nan,nan
4.810345e-01,3.500000e-02,3.719440e+00,1.456327e+01,5.764346e+02,3.481500e+02,6.479467e+04,1.360264e+00
4.810345e-01,3.827586e-02,3.721082e+00,1.457392e+01,5.789161e+02,3.481500e+02,6.465220e+04,1.360570e+00
4.810345e-01,4.155172e-02,3.722747e+00,1.458474e+01,5.814208e+02,3.481500e+02,6.450841e+04,1.360882e+00
4.810345e-01,4.482759e-02,3.724436e+00,1.459574e+01,5.839489e+02,3.481500e+02,6.436329e+04,1.361199e+00
4.810345e-01,4.810345e-02,3.726151e+00,1.460691e+01,5.865008e+02,3.481500e+02,6.421681e+04,1.361521e+00
4.810345e-01,5.137931e-02,3.727891e+00,1.461828e+01,5.890770e+02,3.481500e+02,6.406896e+04,1.361849e+00
4.810345e-01,5.465517e-02,3.729657e+00,1.462982e+01,5.916777e+02,3.481500e+02,6.391972e+04,1.362182e+00
4.810345e-01,5.793103e-02,3.731449e+00,1.464157e+01,5.943034e+02,3.481500e+02,6.376907e+04,1.362521e+00
4.810345e-01,6.120690e-02,3.733269e+00,1.465350e+01,5.969543e+02,3.481500e+02,6.361698e+04,1.362865e+00
4.810345e-01,6.448276e-02,3.735117e+00,1.466565e+01,5.996310e+02,3.481500e+02,6.346344e+04,1.363216e+00
4.810345e-01,6.775862e-02,3.736993e+00,1.467800e+01,6.023339e+02,3.481500e+02,6.330842e+04,1.363572e+00
4.810345e-01,7.103448e-02,3.738899e+00,1.469056e+01,6.050632e+02,3.481500e+02,6.315191e+04,1.363935e+00
4.810345e-01,7.431034e-02,3.740834e+00,1.470334e+01,6.078195e+02,3.481500e+02,6.299389e+04,1.364305e+00
4.810345e-01,7.758621e-02,3.742800e+00,1.471634e+01,6.106032e+02,3.481500e+02,6.283432e+04,1.364680e+00
4.810345e-01,8.086207e-02,3.744797e+00,1.472958e+01,6.134147e+02,3.481500e+02,6.267319e+04,1.365063e+00
4.810345e-01,8.413793e-02,3.746827e+00,1.474305e+01,6.162545e+02,3.481500e+02,6.251048e+04,1.365453e+00
4.810345e-01,8.741379e-02,3.748889e+00,1.475676e+01,6.191230e+02,3.481500e+02,6.234616e+04,1.365849e+00
4.810345e-01,9.068966e-02,3.750985e+00,1.477072e+01,6.220207e+02,3.481500e+02,6.218021e+04,1.366254e+00
4.810345e-01,9.396552e-02,3.753115e+00,1.478494e+01,6.249480e+02,3.481500e+02,6.201260e+04,1.366665e+00
4.810345e-01,9.724138e-02,3.755280e+00,1.479941e+01,6.279056e+02,3.481500e+02,6.184331e+04,1.367085e+00
4.810345e-01,1.005172e-01,3.757482e+00,1.481416e+01,6.308937e+02,3.481500e+02,6.167231e+04,1.367512e+00
4.810345e-01,1.037931e-01,3.759721e+00,1.482919e+01,6.339131e+02,3.481500e+02,6.149958e+04,1.367947e+00
4.810345e-01,1.070690e-01,3.761998e+00,1.484449e+01,6.369642e+02,3.481500e+02,6.132508e+04,1.368391e+00
4.810345e-01,1.103448e-01,3.764314e+00,1.486010e+01,6.400475e+02,3.481500e+02,6.114881e+04,1.368844e+00
4.810345e-01,1.136207e-01,3.766670e+00,1.487600e+01,6.431635e+02,3.481500e+02,6.097072e+04,1.369305e+00
4.810345e-01,1.168966e-01,3.769067e+00,1.489221e+01,6.463130e+02,3.481500e+02,6.079078e+04,1.369776e+00
4.810345e-01,1.201724e-01,3.771506e+00,1.490874e+01,6.494963e+02,3.481500e+02,6.060898e+04,1.370256e+00
4.810345e-01,1.234483e-01,3.773989e+00,1.492560e+01,6.527142e+02,3.481500e+02,6.042527e+04,1.370746e+00
4.810345e-01,1.267241e-01,nan,nan,nan,nan,nan,nan
4.810345e-01,1.300000e-01,nan,nan,nan,nan,nan,nan
4.913793e-01,3.500000e-02,3.697632e+00,1.444142e+01,5.926929e+02,3.481500e+02,6.476382e+04,1.356761e+00
4.913793e-01,3.827586e-02,3.699336e+00,1.445247e+01,5.952530e+02,3.481500e+02,6.461815e+04,1.357079e+00
4.913793e-01,4.155172e-02,3.701064e+00,1.446371e+01,5.978371e+02,3.481500e+02,6.447110e+04,1.357402e+00
4.913793e-01,4.482759e-02,3.702818e+00,1.447514e+01,6.004457e+02,3.481500e+02,6.432266e+04,1.357730e+00
4.913793e-01,4.810345e-02,3.704599e+00,1.448675e+01,6.030791e+02,3.481500e+02,6.417280e+04,1.358064e+00
4.913793e-01,5.137931e-02,3.706407e+00,1.449856e+01,6.057377e+02,3.481500e+02,6.402151e+04,1.358404e+00
4.913793e-01,5.465517e-02,3.708242e+00,1.451057e+01,6.084218e+02,3.481500e+02,6.386876e+04,1.358749e+00
4.913793e-01,5.793103e-02,3.710106e+00,1.452279e+01,6.111319e+02,3.481500e+02,6.371453e+04,1.359101e+00
4.913793e-01,6.120690e-02,3.711999e+00,1.453521e+01,6.138684e+02,3.481500e+02,6.355880e+04,1.359458e+00
4.913793e-01,6.448276e-02,3.713921e+00,1.454785e+01,6.166317e+02,3.481500e+02,6.340156e+04,1.359822e+00
4.913793e-01,6.775862e-02,3.715874e+00,1.456071e+01,6.194222e+02,3.481500e+02,6.324276e+04,1.360193e+00
4.913793e-01,7.103448e-02,3.717857e+00,1.457380e+01,6.222404e+02,3.481500e+02,6.308241e+04,1.360570e+00
4.913793e-01,7.431034e-02,3.719873e+00,1.458712e+01,6.250866e+02,3.481500e+02,6.292046e+04,1.360954e+00
4.913793e-01,7.758621e-02,3.721921e+00,1.460068e+01,6.279614e+02,3.481500e+02,6.275690e+04,1.361345e+00
4.913793e-01,8.086207e-02,3.724002e+00,1.461449e+01,6.308652e+02,3.481500e+02,6.259170e+04,1.361743e+00
4.913793e-01,8.413793e-02,3.726118e+00,1.462855e+01,6.337985e+02,3.481500e+02,6.242484e+04,1.362149e+00
4.913793e-01,8.741379e-02,3.728269e+00,1.464286e+01,6.367617e+02,3.481500e+02,6.225630e+04,1.362562e+00
4.913793e-01,9.068966e-02,3.730455e+00,1.465744e+01,6.397554e+02,3.481500e+02,6.208604e+04,1.362983e+00
4.913793e-01,9.396552e-02,3.732678e+00,1.467230e+01,6.427801e+02,3.481500e+02,6.191404e+04,1.363412e+00
4.913793e-01,9.724138e-02,3.734940e+00,1.468743e+01,6.458363e+02,3.481500e+02,6.174027e+04,1.363850e+00
4.913793e-01,1.005172e-01,3.737239e+00,1.470285e+01,6.489245e+02,3.481500e+02,6.156471e+04,1.364296e+00
4.913793e-01,1.037931e-01,3.739579e+00,1.471857e+01,6.520452e+02,3.481500e+02,6.138733e+04,1.364750e+00
4.913793e-01,1.070690e-01,3.741959e+00,1.473460e+01,6.551991e+02,3.481500e+02,6.120810e+04,1.365214e+00
4.913793e-01,1.103448e-01,3.744382e+00,1.475094e+01,6.583867e+02,3.481500e+02,6.102699e+04,1.365687e+00
4.913793e-01,1.136207e-01,3.746847e+00,1.476760e+01,6.616085e+02,3.481500e+02,6.084398e+04,1.366169e+00
4.913793e-01,1.168966e-01,3.749356e+00,1.478460e+01,6.648652e+02,3.481500e+02,6.065902e+04,1.366662e+00
4.913793e-01,1.201724e-01,3.751910e+00,1.480194e+01,6.681574e+02,3.481500e+02,6.047209e+04,1.367164e+00
4.913793e-01,1.234483e-01,nan,nan,nan,nan,nan,nan
4.913793e-01,1.267241e-01,nan,nan,nan,nan,nan,nan
4.913793e-01,1.300000e-01,nan,nan,nan,nan,nan,nan
5.017241e-01,3.500000e-02,3.677008e+00,1.432579e+01,6.089772e+02,3.481500e+02,6.473163e+04,1.353446e+00
5.017241e-01,3.827586e-02,3.678776e+00,1.433727e+01,6.116169e+02,3.481500e+02,6.458261e+04,1.353775e+00
5.017241e-01,4.155172e-02,nan,nan,nan,nan,nan,nan
5.017241e-01,4.482759e-02,3.682391e+00,1.436082e+01,6.169717e+02,3.481500e+02,6.428023e+04,1.354450e+00
5.017241e-01,4.810345e-02,3.684241e+00,1.437289e+01,6.196876e+02,3.481500e+02,6.412683e+04,1.354797e+00
5.017241e-01,5.137931e-02,3.686119e+00,1.438516e+01,6.224297e+02,3.481500e+02,6.397193e+04,1.355149e+00
5.017241e-01,5.465517e-02,3.688026e+00,1.439766e+01,6.251985e+02,3.481500e+02,6.381550e+04,1.355508e+00
5.017241e-01,5.793103e-02,3.689964e+00,1.441036e+01,6.279943e+02,3.481500e+02,6.365753e+04,1.355872e+00
5.017241e-01,6.120690e-02,3.691933e+00,1.442330e+01,6.308176e+02,3.481500e+02,6.349799e+04,1.356244e+00
5.017241e-01,6.448276e-02,3.693933e+00,1.443646e+01,6.336687e+02,3.481500e+02,6.333685e+04,1.356622e+00
5.017241e-01,6.775862e-02,3.695965e+00,1.444985e+01,6.365483e+02,3.481500e+02,6.317410e+04,1.357007e+00
5.017241e-01,7.103448e-02,3.698030e+00,1.446349e+01,6.394566e+02,3.481500e+02,6.300970e+04,1.357399e+00
5.017241e-01,7.431034e-02,3.700129e+00,1.447738e+01,6.423942e+02,3.481500e+02,6.284363e+04,1.357799e+00
5.017241e-01,7.758621e-02,3.702263e+00,1.449152e+01,6.453616e+02,3.481500e+02,6.267588e+04,1.358206e+00
5.017241e-01,8.086207e-02,3.704433e+00,1.450593e+01,6.483593e+02,3.481500e+02,6.250640e+04,1.358620e+00
5.017241e-01,8.413793e-02,3.706639e+00,1.452060e+01,6.513877e+02,3.481500e+02,6.233518e+04,1.359043e+00
5.017241e-01,8.741379e-02,3.708882e+00,1.453555e+01,6.544473e+02,3.481500e+02,6.216219e+04,1.359473e+00
5.017241e-01,9.068966e-02,3.711164e+00,1.455078e+01,6.575388e+02,3.481500e+02,6.198739e+04,1.359912e+00
5.017241e-01,9.396552e-02,3.713485e+00,1.456631e+01,6.606626e+02,3.481500e+02,6.181077e+04,1.360360e+00
5.017241e-01,9.724138e-02,3.715847e+00,1.458214e+01,6.638192e+02,3.481500e+02,6.163229e+04,1.360816e+00
5.017241e-01,1.005172e-01,3.718250e+00,1.459827e+01,6.670093e+02,3.481500e+02,6.145193e+04,1.361282e+00
5.017241e-01,1.037931e-01,3.720695e+00,1.461473e+01,6.702335e+02,3.481500e+02,6.126964e+04,1.361756e+00
5.017241e-01,1.070690e-01,3.723184e+00,1.463151e+01,6.734922e+02,3.481500e+02,6.108541e+04,1.362241e+00
5.017241e-01,1.103448e-01,3.725718e+00,1.464863e+01,6.767861e+02,3.481500e+02,6.089921e+04,1.362735e+00
5.017241e-01,1.136207e-01,4.099334e+00,1.436891e+01,8.685407e+02,3.481500e+02,6.071099e+04,1.354656e+00
5.017241e-01,1.168966e-01,3.730926e+00,1.468393e+01,6.834821e+02,3.481500e+02,6.052072e+04,1.363755e+00
5.017241e-01,1.201724e-01,nan,nan,nan,nan,nan,nan
5.017241e-01,1.234483e-01,nan,nan,nan,nan,nan,nan
5.017241e-01,1.267241e-01,nan,nan,nan,nan,nan,nan
5.017241e-01,1.300000e-01,nan,nan,nan,nan,nan,nan
5.120690e-01,3.500000e-02,3.657490e+00,1.421602e+01,6.252859e+02,3.481500e+02,6.469799e+04,1.350307e+00
5.120690e-01,3.827586e-02,3.659324e+00,1.422793e+01,6.280063e+02,3.481500e+02,6.454547e+04,1.350648e+00
5.120690e-01,4.155172e-02,3.661186e+00,1.424006e+01,6.307526e+02,3.481500e+02,6.439144e+04,1.350995e+00
5.120690e-01,4.482759e-02,3.663077e+00,1.425239e+01,6.335254e+02,3.481500e+02,6.423588e+04,1.351348e+00
5.120690e-01,4.810345e-02,3.664998e+00,1.426494e+01,6.363250e+02,3.481500e+02,6.407877e+04,1.351707e+00
5.120690e-01,5.137931e-02,3.666950e+00,1.427770e+01,6.391520e+02,3.481500e+02,6.392008e+04,1.352073e+00
5.120690e-01,5.465517e-02,3.668933e+00,1.429070e+01,6.420066e+02,3.481500e+02,6.375980e+04,1.352445e+00
5.120690e-01,5.793103e-02,3.670947e+00,1.430392e+01,6.448894e+02,3.481500e+02,6.359790e+04,1.352824e+00
5.120690e-01,6.120690e-02,3.672995e+00,1.431738e+01,6.478008e+02,3.481500e+02,6.343435e+04,1.353210e+00
5.120690e-01,6.448276e-02,3.675076e+00,1.433109e+01,6.507412e+02,3.481500e+02,6.326913e+04,1.353603e+00
5.120690e-01,6.775862e-02,3.677191e+00,1.434505e+01,6.537112e+02,3.481500e+02,6.310221e+04,1.354003e+00
5.120690e-01,7.103448e-02,3.679342e+00,1.435927e+01,6.567113e+02,3.481500e+02,6.293356e+04,1.354411e+00
5.120690e-01,7.431034e-02,3.681529e+00,1.437375e+01,6.597419e+02,3.481500e+02,6.276317e+04,1.354826e+00
5.120690e-01,7.758621e-02,3.683752e+00,1.438850e+01,6.628035e+02,3.481500e+02,6.259099e+04,1.355250e+00
5.120690e-01,8.086207e-02,3.686014e+00,1.440353e+01,6.658966e+02,3.481500e+02,6.241701e+04,1.355682e+00
5.120690e-01,8.413793e-02,3.688315e+00,1.441886e+01,6.690218e+02,3.481500e+02,6.224120e+04,1.356122e+00
5.120690e-01,8.741379e-02,3.690656e+00,1.443447e+01,6.721797e+02,3.481500e+02,6.206352e+04,1.356571e+00
5.120690e-01,9.068966e-02,3.693038e+00,1.445040e+01,6.753708e+02,3.481500e+02,6.188395e+04,1.357029e+00
5.120690e-01,9.396552e-02,3.695462e+00,1.446663e+01,6.785956e+02,3.481500e+02,6.170245e+04,1.357496e+00
5.120690e-01,9.724138e-02,3.697929e+00,1.448319e+01,6.818547e+02,3.481500e+02,6.151900e+04,1.357972e+00
5.120690e-01,1.005172e-01,3.700440e+00,1.450008e+01,6.851488e+02,3.481500e+02,6.133356e+04,1.358458e+00
5.120690e-01,1.037931e-01,3.702998e+00,1.451731e+01,6.884784e+02,3.481500e+02,6.114610e+04,1.358955e+00
5.120690e-01,1.070690e-01,3.705602e+00,1.453490e+01,6.918441e+02,3.481500e+02,6.095659e+04,1.359461e+00
5.120690e-01,1.103448e-01,3.708254e+00,1.455285e+01,6.952467e+02,3.481500e+02,6.076500e+04,1.359979e+00
5.120690e-01,1.136207e-01,3.710956e+00,1.457117e+01,6.986868e+02,3.481500e+02,6.057128e+04,1.360507e+00
5.120690e-01,1.168966e-01,3.713708e+00,1.458988e+01,7.021650e+02,3.481500e+02,6.037540e+04,1.361047e+00
5.120690e-01,1.201724e-01,nan,nan,nan,nan,nan,nan
5.120690e-01,1.234483e-01,nan,nan,nan,nan,nan,nan
5.120690e-01,1.267241e-01,nan,nan,nan,nan,nan,nan
5.120690e-01,1.300000e-01,nan,nan,nan,nan,nan,nan
5.224138e-01,3.500000e-02,3.639006e+00,1.411173e+01,6.416178e+02,3.481500e+02,6.466283e+04,1.347333e+00
5.224138e-01,3.827586e-02,3.640909e+00,1.412410e+01,6.444199e+02,3.481500e+02,6.450663e+04,1.347686e+00
5.224138e-01,4.155172e-02,3.642842e+00,1.413670e+01,6.472491e+02,3.481500e+02,6.434885e+04,1.348046e+00
5.224138e-01,4.482759e-02,3.644806e+00,1.414951e+01,6.501058e+02,3.481500e+02,6.418947e+04,1.348412e+00
5.224138e-01,4.810345e-02,3.646801e+00,1.416256e+01,6.529904e+02,3.481500e+02,6.402847e+04,1.348784e+00
5.224138e-01,5.137931e-02,3.648829e+00,1.417583e+01,6.559034e+02,3.481500e+02,6.386581e+04,1.349163e+00
5.224138e-01,5.465517e-02,3.650890e+00,1.418935e+01,6.588453e+02,3.481500e+02,6.370148e+04,1.349550e+00
5.224138e-01,5.793103e-02,3.652986e+00,1.420312e+01,6.618164e+02,3.481500e+02,6.353545e+04,1.349943e+00
5.224138e-01,6.120690e-02,3.655116e+00,1.421714e+01,6.648174e+02,3.481500e+02,6.336768e+04,1.350344e+00
5.224138e-01,6.448276e-02,3.657282e+00,1.423142e+01,6.678487e+02,3.481500e+02,6.319816e+04,1.350753e+00
5.224138e-01,6.775862e-02,3.659484e+00,1.424596e+01,6.709107e+02,3.481500e+02,6.302686e+04,1.351169e+00
5.224138e-01,7.103448e-02,3.661724e+00,1.426079e+01,6.740041e+02,3.481500e+02,6.285375e+04,1.351594e+00
5.224138e-01,7.431034e-02,3.664003e+00,1.427589e+01,6.771293e+02,3.481500e+02,6.267879e+04,1.352026e+00
5.224138e-01,7.758621e-02,3.666321e+00,1.429129e+01,6.802868e+02,3.481500e+02,6.250197e+04,1.352468e+00
5.224138e-01,8.086207e-02,3.668680e+00,1.430699e+01,6.834773e+02,3.481500e+02,6.232324e+04,1.352918e+00
5.224138e-01,8.413793e-02,3.671080e+00,1.432300e+01,6.867012e+02,3.481500e+02,6.214258e+04,1.353376e+00
5.224138e-01,8.741379e-02,3.673523e+00,1.433932e+01,6.899592e+02,3.481500e+02,6.195996e+04,1.353845e+00
5.224138e-01,9.068966e-02,3.676011e+00,1.435597e+01,6.932518e+02,3.481500e+02,6.177535e+04,1.354323e+00
5.224138e-01,9.396552e-02,3.678543e+00,1.437295e+01,6.965797e+02,3.481500e+02,6.158870e+04,1.354810e+00
5.224138e-01,9.724138e-02,3.681122e+00,1.439029e+01,6.999435e+02,3.481500e+02,6.140000e+04,1.355308e+00
5.224138e-01,1.005172e-01,3.683748e+00,1.440798e+01,7.033437e+02,3.481500e+02,6.120920e+04,1.355816e+00
5.224138e-01,1.037931e-01,3.686423e+00,1.442603e+01,7.067811e+02,3.481500e+02,6.101627e+04,1.356335e+00
5.224138e-01,1.070690e-01,3.689149e+00,1.444447e+01,7.102563e+02,3.481500e+02,6.082117e+04,1.356866e+00
5.224138e-01,1.103448e-01,3.691926e+00,1.446330e+01,7.137701e+02,3.481500e+02,6.062387e+04,1.357407e+00
5.224138e-01,1.136207e-01,3.694757e+00,1.448253e+01,7.173230e+02,3.481500e+02,6.042432e+04,1.357961e+00
5.224138e-01,1.168966e-01,nan,nan,nan,nan,nan,nan
5.224138e-01,1.201724e-01,nan,nan,nan,nan,nan,nan
5.224138e-01,1.234483e-01,nan,nan,nan,nan,nan,nan
5.224138e-01,1.267241e-01,nan,nan,nan,nan,nan,nan
5.224138e-01,1.300000e-01,nan,nan,nan,nan,nan,nan
5.327586e-01,3.500000e-02,3.621491e+00,1.401261e+01,6.579717e+02,3.481500e+02,6.462602e+04,1.344513e+00
5.327586e-01,3.827586e-02,3.623466e+00,1.402546e+01,6.608568e+02,3.481500e+02,6.446596e+04,1.344879e+00
5.327586e-01,4.155172e-02,3.625472e+00,1.403855e+01,6.637701e+02,3.481500e+02,6.430425e+04,1.345251e+00
5.327586e-01,4.482759e-02,3.627512e+00,1.405187e+01,6.667120e+02,3.481500e+02,6.414086e+04,1.345631e+00
5.327586e-01,4.810345e-02,3.629586e+00,1.406543e+01,6.696829e+02,3.481500e+02,6.397577e+04,1.346018e+00
5.327586e-01,5.137931e-02,3.631693e+00,1.407924e+01,6.726834e+02,3.481500e+02,6.380894e+04,1.346411e+00
5.327586e-01,5.465517e-02,3.633837e+00,1.409331e+01,6.757140e+02,3.481500e+02,6.364035e+04,1.346813e+00
5.327586e-01,5.793103e-02,3.636016e+00,1.410765e+01,6.787750e+02,3.481500e+02,6.346997e+04,1.347222e+00
5.327586e-01,6.120690e-02,3.638233e+00,1.412225e+01,6.818672e+02,3.481500e+02,6.329777e+04,1.347639e+00
5.327586e-01,6.448276e-02,3.640487e+00,1.413713e+01,6.849908e+02,3.481500e+02,6.312373e+04,1.348064e+00
5.327586e-01,6.775862e-02,3.642781e+00,1.415230e+01,6.881466e+02,3.481500e+02,6.294781e+04,1.348497e+00
5.327586e-01,7.103448e-02,3.645115e+00,1.416776e+01,6.913350e+02,3.481500e+02,6.276998e+04,1.348939e+00
5.327586e-01,7.431034e-02,3.647490e+00,1.418353e+01,6.945566e+02,3.481500e+02,6.259022e+04,1.349389e+00
5.327586e-01,7.758621e-02,3.649908e+00,1.419960e+01,6.978120e+02,3.481500e+02,6.240849e+04,1.349849e+00
5.327586e-01,8.086207e-02,3.652368e+00,1.421600e+01,7.011017e+02,3.481500e+02,6.222475e+04,1.350318e+00
5.327586e-01,8.413793e-02,3.654874e+00,1.423273e+01,7.044263e+02,3.481500e+02,6.203898e+04,1.350797e+00
5.327586e-01,8.741379e-02,3.657425e+00,1.424980e+01,7.077865e+02,3.481500e+02,6.185114e+04,1.351286e+00
5.327586e-01,9.068966e-02,3.660024e+00,1.426722e+01,7.111829e+02,3.481500e+02,6.166119e+04,1.351785e+00
5.327586e-01,9.396552e-02,3.662670e+00,1.428500e+01,7.146161e+02,3.481500e+02,6.146910e+04,1.352294e+00
5.327586e-01,9.724138e-02,3.665367e+00,1.430316e+01,7.180868e+02,3.481500e+02,6.127484e+04,1.352815e+00
5.327586e-01,1.005172e-01,3.668115e+00,1.432170e+01,7.215957e+02,3.481500e+02,6.107836e+04,1.353347e+00
5.327586e-01,1.037931e-01,3.670915e+00,1.434063e+01,7.251434e+02,3.481500e+02,6.087963e+04,1.353890e+00
5.327586e-01,1.070690e-01,3.673769e+00,1.435997e+01,7.287306e+02,3.481500e+02,6.067862e+04,1.354445e+00
5.327586e-01,1.103448e-01,3.676680e+00,1.437974e+01,7.323582e+02,3.481500e+02,6.047527e+04,1.355013e+00
5.327586e-01,1.136207e-01,nan,nan,nan,nan,nan,nan
5.327586e-01,1.168966e-01,nan,nan,nan,nan,nan,nan
5.327586e-01,1.201724e-01,nan,nan,nan,nan,nan,nan
5.327586e-01,1.234483e-01,nan,nan,nan,nan,nan,nan
5.327586e-01,1.267241e-01,nan,nan,nan,nan,nan,nan
5.327586e-01,1.300000e-01,nan,nan,nan,nan,nan,nan
5.431034e-01,3.500000e-02,3.604885e+00,1.391837e+01,6.743467e+02,3.481500e+02,6.458745e+04,1.341837e+00
5.431034e-01,3.827586e-02,3.606935e+00,1.393172e+01,6.773161e+02,3.481500e+02,6.442335e+04,1.342216e+00
5.431034e-01,4.155172e-02,3.609019e+00,1.394532e+01,6.803148e+02,3.481500e+02,6.425750e+04,1.342603e+00
5.431034e-01,4.482759e-02,3.611138e+00,1.395917e+01,6.833433e+02,3.481500e+02,6.408990e+04,1.342997e+00
5.431034e-01,4.810345e-02,3.613293e+00,1.397328e+01,6.864020e+02,3.481500e+02,6.392049e+04,1.343398e+00
5.431034e-01,5.137931e-02,3.615484e+00,1.398765e+01,6.894916e+02,3.481500e+02,6.374927e+04,1.343808e+00
5.431034e-01,5.465517e-02,3.617713e+00,1.400230e+01,6.926124e+02,3.481500e+02,6.357620e+04,1.344225e+00
5.431034e-01,5.793103e-02,3.619981e+00,1.401723e+01,6.957650e+02,3.481500e+02,6.340124e+04,1.344650e+00
5.431034e-01,6.120690e-02,3.622288e+00,1.403245e+01,6.989499e+02,3.481500e+02,6.322437e+04,1.345083e+00
5.431034e-01,6.448276e-02,3.624636e+00,1.404796e+01,7.021678e+02,3.481500e+02,6.304556e+04,1.345526e+00
5.431034e-01,6.775862e-02,3.627026e+00,1.406378e+01,7.054191e+02,3.481500e+02,6.286477e+04,1.345977e+00
5.431034e-01,7.103448e-02,3.629459e+00,1.407992e+01,7.087044e+02,3.481500e+02,6.268197e+04,1.346437e+00
5.431034e-01,7.431034e-02,3.631936e+00,1.409638e+01,7.120244e+02,3.481500e+02,6.249713e+04,1.346907e+00
5.431034e-01,7.758621e-02,3.634458e+00,1.411318e+01,7.153796e+02,3.481500e+02,6.231021e+04,1.347386e+00
5.431034e-01,8.086207e-02,3.637026e+00,1.413032e+01,7.187706e+02,3.481500e+02,6.212118e+04,1.347876e+00
5.431034e-01,8.413793e-02,3.639643e+00,1.414781e+01,7.221982e+02,3.481500e+02,6.193000e+04,1.348376e+00
5.431034e-01,8.741379e-02,3.642308e+00,1.416567e+01,7.256629e+02,3.481500e+02,6.173663e+04,1.348886e+00
5.431034e-01,9.068966e-02,3.645024e+00,1.418391e+01,7.291654e+02,3.481500e+02,6.154104e+04,1.349408e+00
5.431034e-01,9.396552e-02,3.647792e+00,1.420254e+01,7.327064e+02,3.481500e+02,6.134319e+04,1.349940e+00
5.431034e-01,9.724138e-02,3.650614e+00,1.422157e+01,7.362865e+02,3.481500e+02,6.114304e+04,1.350485e+00
5.431034e-01,1.005172e-01,3.653490e+00,1.424101e+01,7.399066e+02,3.481500e+02,6.094054e+04,1.351042e+00
5.431034e-01,1.037931e-01,3.656423e+00,1.426088e+01,7.435673e+02,3.481500e+02,6.073566e+04,1.351611e+00
5.431034e-01,1.070690e-01,3.659415e+00,1.428119e+01,7.472695e+02,3.481500e+02,6.052836e+04,1.352193e+00
5.431034e-01,1.103448e-01,nan,nan,nan,nan,nan,nan
5.431034e-01,1.136207e-01,nan,nan,nan,nan,nan,nan
5.431034e-01,1.168966e-01,nan,nan,nan,nan,nan,nan
5.431034e-01,1.201724e-01,nan,nan,nan,nan,nan,nan
5.431034e-01,1.234483e-01,nan,nan,nan,nan,nan,nan
5.431034e-01,1.267241e-01,nan,nan,nan,nan,nan,nan
5.431034e-01,1.300000e-01,nan,nan,nan,nan,nan,nan
5.534483e-01,3.500000e-02,3.589135e+00,1.382874e+01,6.907422e+02,3.481500e+02,6.454699e+04,1.339298e+00
5.534483e-01,3.827586e-02,3.591263e+00,1.384261e+01,6.937973e+02,3.481500e+02,6.437863e+04,1.339691e+00
5.534483e-01,4.155172e-02,3.593428e+00,1.385675e+01,6.968829e+02,3.481500e+02,6.420844e+04,1.340092e+00
5.534483e-01,4.482759e-02,3.595630e+00,1.387115e+01,6.999995e+02,3.481500e+02,6.403639e+04,1.340501e+00
5.534483e-01,4.810345e-02,3.597870e+00,1.388583e+01,7.031476e+02,3.481500e+02,6.386246e+04,1.340918e+00
5.534483e-01,5.137931e-02,3.600149e+00,1.390080e+01,7.063277e+02,3.481500e+02,6.368660e+04,1.341343e+00
5.534483e-01,5.465517e-02,3.602468e+00,1.391605e+01,7.095405e+02,3.481500e+02,6.350880e+04,1.341777e+00
5.534483e-01,5.793103e-02,3.604829e+00,1.393161e+01,7.127863e+02,3.481500e+02,6.332902e+04,1.342219e+00
5.534483e-01,6.120690e-02,3.607231e+00,1.394748e+01,7.160660e+02,3.481500e+02,6.314722e+04,1.342671e+00
5.534483e-01,6.448276e-02,3.609678e+00,1.396366e+01,7.193799e+02,3.481500e+02,6.296337e+04,1.343131e+00
5.534483e-01,6.775862e-02,3.612169e+00,1.398017e+01,7.227287e+02,3.481500e+02,6.277743e+04,1.343601e+00
5.534483e-01,7.103448e-02,3.614705e+00,1.399702e+01,7.261130e+02,3.481500e+02,6.258938e+04,1.344081e+00
5.534483e-01,7.431034e-02,3.617289e+00,1.401422e+01,7.295335e+02,3.481500e+02,6.239916e+04,1.344571e+00
5.534483e-01,7.758621e-02,3.619922e+00,1.403178e+01,7.329907e+02,3.481500e+02,6.220676e+04,1.345071e+00
5.534483e-01,8.086207e-02,3.622604e+00,1.404970e+01,7.364854e+02,3.481500e+02,6.201212e+04,1.345582e+00
5.534483e-01,8.413793e-02,3.625338e+00,1.406801e+01,7.400183e+02,3.481500e+02,6.181521e+04,1.346105e+00
5.534483e-01,8.741379e-02,3.628124e+00,1.408671e+01,7.435899e+02,3.481500e+02,6.161599e+04,1.346638e+00
5.534483e-01,9.068966e-02,3.630965e+00,1.410582e+01,7.472011e+02,3.481500e+02,6.141441e+04,1.347184e+00
5.534483e-01,9.396552e-02,3.633862e+00,1.412535e+01,7.508525e+02,3.481500e+02,6.121045e+04,1.347741e+00
5.534483e-01,9.724138e-02,3.636816e+00,1.414531e+01,7.545449e+02,3.481500e+02,6.100404e+04,1.348312e+00
5.534483e-01,1.005172e-01,3.639830e+00,1.416572e+01,7.582791e+02,3.481500e+02,6.079515e+04,1.348895e+00
5.534483e-01,1.037931e-01,3.642905e+00,1.418659e+01,7.620558e+02,3.481500e+02,6.058374e+04,1.349492e+00
5.534483e-01,1.070690e-01,3.646043e+00,1.420794e+01,7.658759e+02,3.481500e+02,6.036976e+04,1.350103e+00
5.534483e-01,1.103448e-01,nan,nan,nan,nan,nan,nan
5.534483e-01,1.136207e-01,nan,nan,nan,nan,nan,nan
5.534483e-01,1.168966e-01,nan,nan,nan,nan,nan,nan
5.534483e-01,1.201724e-01,nan,nan,nan,nan,nan,nan
5.534483e-01,1.234483e-01,nan,nan,nan,nan,nan,nan
5.534483e-01,1.267241e-01,nan,nan,nan,nan,nan,nan
5.534483e-01,1.300000e-01,nan,nan,nan,nan,nan,nan
5.637931e-01,3.500000e-02,3.574190e+00,1.374346e+01,7.071576e+02,3.481500e+02,6.450451e+04,1.336887e+00
5.637931e-01,3.827586e-02,3.576400e+00,1.375789e+01,7.102999e+02,3.481500e+02,6.433165e+04,1.337295e+00
5.637931e-01,4.155172e-02,3.578650e+00,1.377259e+01,7.134740e+02,3.481500e+02,6.415688e+04,1.337712e+00
5.637931e-01,4.482759e-02,3.580939e+00,1.378758e+01,7.166803e+02,3.481500e+02,6.398015e+04,1.338136e+00
5.637931e-01,4.810345e-02,3.583268e+00,1.380286e+01,7.199195e+02,3.481500e+02,6.380144e+04,1.338570e+00
5.637931e-01,5.137931e-02,3.585639e+00,1.381845e+01,7.231920e+02,3.481500e+02,6.362070e+04,1.339012e+00
5.637931e-01,5.465517e-02,3.588053e+00,1.383434e+01,7.264985e+02,3.481500e+02,6.343790e+04,1.339463e+00
5.637931e-01,5.793103e-02,3.590512e+00,1.385056e+01,7.298396e+02,3.481500e+02,6.325302e+04,1.339923e+00
5.637931e-01,6.120690e-02,3.593015e+00,1.386711e+01,7.332159e+02,3.481500e+02,6.306601e+04,1.340393e+00
5.637931e-01,6.448276e-02,3.595565e+00,1.388401e+01,7.366279e+02,3.481500e+02,6.287683e+04,1.340873e+00
5.637931e-01,6.775862e-02,3.598163e+00,1.390125e+01,7.400764e+02,3.481500e+02,6.268545e+04,1.341363e+00
5.637931e-01,7.103448e-02,3.600810e+00,1.391885e+01,7.435619e+02,3.481500e+02,6.249183e+04,1.341864e+00
5.637931e-01,7.431034e-02,3.603507e+00,1.393683e+01,7.470852e+02,3.481500e+02,6.229593e+04,1.342375e+00
5.637931e-01,7.758621e-02,3.606257e+00,1.395520e+01,7.506469e+02,3.481500e+02,6.209771e+04,1.342897e+00
5.637931e-01,8.086207e-02,3.609060e+00,1.397396e+01,7.542478e+02,3.481500e+02,6.189713e+04,1.343432e+00
5.637931e-01,8.413793e-02,3.611918e+00,1.399314e+01,7.578885e+02,3.481500e+02,6.169414e+04,1.343978e+00
5.637931e-01,8.741379e-02,3.614833e+00,1.401273e+01,7.615697e+02,3.481500e+02,6.148870e+04,1.344536e+00
5.637931e-01,9.068966e-02,3.617806e+00,1.403277e+01,7.652924e+02,3.481500e+02,6.128077e+04,1.345107e+00
5.637931e-01,9.396552e-02,3.620840e+00,1.405326e+01,7.690572e+02,3.481500e+02,6.107030e+04,1.345692e+00
5.637931e-01,9.724138e-02,3.623936e+00,1.407422e+01,7.728649e+02,3.481500e+02,6.085725e+04,1.346290e+00
5.637931e-01,1.005172e-01,3.627096e+00,1.409566e+01,7.767163e+02,3.481500e+02,6.064156e+04,1.346902e+00
5.637931e-01,1.037931e-01,3.630322e+00,1.411760e+01,7.806124e+02,3.481500e+02,6.042320e+04,1.347528e+00
5.637931e-01,1.070690e-01,nan,nan,nan,nan,nan,nan
5.637931e-01,1.103448e-01,nan,nan,nan,nan,nan,nan
5.637931e-01,1.136207e-01,nan,nan,nan,nan,nan,nan
5.637931e-01,1.168966e-01,nan,nan,nan,nan,nan,nan
5.637931e-01,1.201724e-01,nan,nan,nan,nan,nan,nan
5.637931e-01,1.234483e-01,nan,nan,nan,nan,nan,nan
5.637931e-01,1.267241e-01,nan,nan,nan,nan,nan,nan
5.637931e-01,1.300000e-01,nan,nan,nan,nan,nan,nan
5.741379e-01,3.500000e-02,3.560005e+00,1.366233e+01,7.235927e+02,3.481500e+02,6.445983e+04,1.334597e+00
5.741379e-01,3.827586e-02,3.562302e+00,1.367733e+01,7.268239e+02,3.481500e+02,6.428225e+04,1.335021e+00
5.741379e-01,4.155172e-02,3.564640e+00,1.369262e+01,7.300881e+02,3.481500e+02,6.410264e+04,1.335454e+00
5.741379e-01,4.482759e-02,3.567020e+00,1.370823e+01,7.333860e+02,3.481500e+02,6.392097e+04,1.335895e+00
5.741379e-01,4.810345e-02,3.569444e+00,1.372415e+01,7.367180e+02,3.481500e+02,6.373720e+04,1.336346e+00
5.741379e-01,5.137931e-02,3.571912e+00,1.374039e+01,7.400849e+02,3.481500e+02,6.355130e+04,1.336806e+00
5.741379e-01,5.465517e-02,3.574426e+00,1.375696e+01,7.434872e+02,3.481500e+02,6.336323e+04,1.337275e+00
5.741379e-01,5.793103e-02,3.576988e+00,1.377388e+01,7.469256e+02,3.481500e+02,6.317295e+04,1.337755e+00
5.741379e-01,6.120690e-02,3.579597e+00,1.379116e+01,7.504006e+02,3.481500e+02,6.298042e+04,1.338245e+00
5.741379e-01,6.448276e-02,3.582257e+00,1.380880e+01,7.539130e+02,3.481500e+02,6.278560e+04,1.338745e+00
5.741379e-01,6.775862e-02,3.584967e+00,1.382682e+01,7.574635e+02,3.481500e+02,6.258845e+04,1.339256e+00
5.741379e-01,7.103448e-02,3.587731e+00,1.384523e+01,7.610526e+02,3.481500e+02,6.238893e+04,1.339779e+00
5.741379e-01,7.431034e-02,3.590549e+00,1.386404e+01,7.646813e+02,3.481500e+02,6.218699e+04,1.340313e+00
5.741379e-01,7.758621e-02,3.593423e+00,1.388326e+01,7.683501e+02,3.481500e+02,6.198260e+04,1.340859e+00
5.741379e-01,8.086207e-02,3.596354e+00,1.390292e+01,7.720598e+02,3.481500e+02,6.177570e+04,1.341418e+00
5.741379e-01,8.413793e-02,3.599345e+00,1.392302e+01,7.758112e+02,3.481500e+02,6.156625e+04,1.341990e+00
5.741379e-01,8.741379e-02,3.602397e+00,1.394357e+01,7.796051e+02,3.481500e+02,6.135421e+04,1.342574e+00
5.741379e-01,9.068966e-02,3.605512e+00,1.396460e+01,7.834423e+02,3.481500e+02,6.113952e+04,1.343173e+00
5.741379e-01,9.396552e-02,3.608692e+00,1.398612e+01,7.873236e+02,3.481500e+02,6.092213e+04,1.343786e+00
5.741379e-01,9.724138e-02,3.611939e+00,1.400815e+01,7.912500e+02,3.481500e+02,6.070199e+04,1.344414e+00
5.741379e-01,1.005172e-01,3.615255e+00,1.403070e+01,7.952221e+02,3.481500e+02,6.047906e+04,1.345057e+00
5.741379e-01,1.037931e-01,nan,nan,nan,nan,nan,nan
5.741379e-01,1.070690e-01,nan,nan,nan,nan,nan,nan
5.741379e-01,1.103448e-01,nan,nan,nan,nan,nan,nan
5.741379e-01,1.136207e-01,nan,nan,nan,nan,nan,nan
5.741379e-01,1.168966e-01,nan,nan,nan,nan,nan,nan
5.741379e-01,1.201724e-01,nan,nan,nan,nan,nan,nan
5.741379e-01,1.234483e-01,nan,nan,nan,nan,nan,nan
5.741379e-01,1.267241e-01,nan,nan,nan,nan,nan,nan
5.741379e-01,1.300000e-01,nan,nan,nan,nan,nan,nan
5.844828e-01,3.500000e-02,3.546539e+00,1.358512e+01,7.400475e+02,3.481500e+02,6.441279e+04,1.332422e+00
5.844828e-01,3.827586e-02,3.548927e+00,1.360073e+01,7.433693e+02,3.481500e+02,6.423021e+04,1.332863e+00
5.844828e-01,4.155172e-02,3.551358e+00,1.361665e+01,7.467256e+02,3.481500e+02,6.404549e+04,1.333313e+00
5.844828e-01,4.482759e-02,3.553835e+00,1.363291e+01,7.501169e+02,3.481500e+02,6.385860e+04,1.333772e+00
5.844828e-01,4.810345e-02,3.556358e+00,1.364949e+01,7.535438e+02,3.481500e+02,6.366949e+04,1.334241e+00
5.844828e-01,5.137931e-02,3.558928e+00,1.366643e+01,7.570071e+02,3.481500e+02,6.347812e+04,1.334720e+00
5.844828e-01,5.465517e-02,3.561548e+00,1.368372e+01,7.605074e+02,3.481500e+02,6.328446e+04,1.335209e+00
5.844828e-01,5.793103e-02,3.564218e+00,1.370139e+01,7.640452e+02,3.481500e+02,6.308846e+04,1.335709e+00
5.844828e-01,6.120690e-02,3.566941e+00,1.371943e+01,7.676214e+02,3.481500e+02,6.289008e+04,1.336219e+00
5.844828e-01,6.448276e-02,3.569716e+00,1.373787e+01,7.712367e+02,3.481500e+02,6.268928e+04,1.336742e+00
5.844828e-01,6.775862e-02,3.572547e+00,1.375671e+01,7.748916e+02,3.481500e+02,6.248600e+04,1.337275e+00
5.844828e-01,7.103448e-02,3.575434e+00,1.377598e+01,7.785871e+02,3.481500e+02,6.228022e+04,1.337822e+00
5.844828e-01,7.431034e-02,3.578380e+00,1.379568e+01,7.823238e+02,3.481500e+02,6.207187e+04,1.338380e+00
5.844828e-01,7.758621e-02,3.581386e+00,1.381582e+01,7.861026e+02,3.481500e+02,6.186091e+04,1.338952e+00
5.844828e-01,8.086207e-02,3.584454e+00,1.383643e+01,7.899242e+02,3.481500e+02,6.164729e+04,1.339537e+00
5.844828e-01,8.413793e-02,3.587586e+00,1.385751e+01,7.937895e+02,3.481500e+02,6.143097e+04,1.340136e+00
5.844828e-01,8.741379e-02,3.590784e+00,1.387910e+01,7.976992e+02,3.481500e+02,6.121188e+04,1.340749e+00
5.844828e-01,9.068966e-02,3.594051e+00,1.390119e+01,8.016544e+02,3.481500e+02,6.098998e+04,1.341377e+00
5.844828e-01,9.396552e-02,3.597387e+00,1.392382e+01,8.056558e+02,3.481500e+02,6.076521e+04,1.342021e+00
5.844828e-01,9.724138e-02,3.600796e+00,1.394700e+01,8.097044e+02,3.481500e+02,6.053751e+04,1.342680e+00
5.844828e-01,1.005172e-01,nan,nan,nan,nan,nan,nan
5.844828e-01,1.037931e-01,nan,nan,nan,nan,nan,nan
5.844828e-01,1.070690e-01,nan,nan,nan,nan,nan,nan
5.844828e-01,1.103448e-01,nan,nan,nan,nan,nan,nan
5.844828e-01,1.136207e-01,nan,nan,nan,nan,nan,nan
5.844828e-01,1.168966e-01,nan,nan,nan,nan,nan,nan
5.844828e-01,1.201724e-01,nan,nan,nan,nan,nan,nan
5.844828e-01,1.234483e-01,nan,nan,nan,nan,nan,nan
5.844828e-01,1.267241e-01,nan,nan,nan,nan,nan,nan
5.844828e-01,1.300000e-01,nan,nan,nan,nan,nan,nan
5.948276e-01,3.500000e-02,3.533754e+00,1.351166e+01,7.565221e+02,3.481500e+02,6.436319e+04,1.330357e+00
5.948276e-01,3.827586e-02,3.536237e+00,1.352791e+01,7.599365e+02,3.481500e+02,6.417533e+04,1.330815e+00
5.948276e-01,4.155172e-02,3.538767e+00,1.354449e+01,7.633868e+02,3.481500e+02,6.398521e+04,1.331283e+00
5.948276e-01,4.482759e-02,3.541346e+00,1.356143e+01,7.668736e+02,3.481500e+02,6.379278e+04,1.331761e+00
5.948276e-01,4.810345e-02,3.543974e+00,1.357873e+01,7.703977e+02,3.481500e+02,6.359801e+04,1.332249e+00
5.948276e-01,5.137931e-02,3.546653e+00,1.359641e+01,7.739597e+02,3.481500e+02,6.340085e+04,1.332748e+00
5.948276e-01,5.465517e-02,3.549384e+00,1.361446e+01,7.775602e+02,3.481500e+02,6.320126e+04,1.333258e+00
5.948276e-01,5.793103e-02,3.552170e+00,1.363291e+01,7.812001e+02,3.481500e+02,6.299919e+04,1.333779e+00
5.948276e-01,6.120690e-02,3.555011e+00,1.365178e+01,7.848800e+02,3.481500e+02,6.279459e+04,1.334312e+00
5.948276e-01,6.448276e-02,3.557910e+00,1.367106e+01,7.886008e+02,3.481500e+02,6.258743e+04,1.334858e+00
5.948276e-01,6.775862e-02,3.560869e+00,1.369079e+01,7.923631e+02,3.481500e+02,6.237764e+04,1.335416e+00
5.948276e-01,7.103448e-02,3.563888e+00,1.371097e+01,7.961678e+02,3.481500e+02,6.216519e+04,1.335987e+00
5.948276e-01,7.431034e-02,3.566970e+00,1.373161e+01,8.000157e+02,3.481500e+02,6.195001e+04,1.336572e+00
5.948276e-01,7.758621e-02,3.570117e+00,1.375274e+01,8.039076e+02,3.481500e+02,6.173206e+04,1.337170e+00
5.948276e-01,8.086207e-02,3.573331e+00,1.377437e+01,8.078443e+02,3.481500e+02,6.151128e+04,1.337784e+00
5.948276e-01,8.413793e-02,3.576615e+00,1.379652e+01,8.118269e+02,3.481500e+02,6.128761e+04,1.338412e+00
5.948276e-01,8.741379e-02,3.579969e+00,1.381920e+01,8.158561e+02,3.481500e+02,6.106101e+04,1.339056e+00
5.948276e-01,9.068966e-02,3.583398e+00,1.384244e+01,8.199330e+02,3.481500e+02,6.083140e+04,1.339716e+00
5.948276e-01,9.396552e-02,3.586903e+00,1.386626e+01,8.240584e+02,3.481500e+02,6.059874e+04,1.340392e+00
5.948276e-01,9.724138e-02,nan,nan,nan,nan,nan,nan
5.948276e-01,1.005172e-01,nan,nan,nan,nan,nan,nan
5.948276e-01,1.037931e-01,nan,nan,nan,nan,nan,nan
5.948276e-01,1.070690e-01,nan,nan,nan,nan,nan,nan
5.948276e-01,1.103448e-01,nan,nan,nan,nan,nan,nan
5.948276e-01,1.136207e-01,nan,nan,nan,nan,nan,nan
5.948276e-01,1.168966e-01,nan,nan,nan,nan,nan,nan
5.948276e-01,1.201724e-01,nan,nan,nan,nan,nan,nan
5.948276e-01,1.234483e-01,nan,nan,nan,nan,nan,nan
5.948276e-01,1.267241e-01,nan,nan,nan,nan,nan,nan
5.948276e-01,1.300000e-01,nan,nan,nan,nan,nan,nan
6.051724e-01,3.500000e-02,3.521616e+00,1.344177e+01,7.730170e+02,3.481500e+02,6.431083e+04,1.328395e+00
6.051724e-01,3.827586e-02,3.524200e+00,1.345870e+01,7.765260e+02,3.481500e+02,6.411737e+04,1.328872e+00
6.051724e-01,4.155172e-02,3.526834e+00,1.347599e+01,7.800726e+02,3.481500e+02,6.392151e+04,1.329358e+00
6.051724e-01,4.482759e-02,3.529520e+00,1.349365e+01,7.836572e+02,3.481500e+02,6.372322e+04,1.329856e+00
6.051724e-01,4.810345e-02,3.532259e+00,1.351171e+01,7.872808e+02,3.481500e+02,6.352244e+04,1.330365e+00
6.051724e-01,5.137931e-02,3.535053e+00,1.353016e+01,7.909440e+02,3.481500e+02,6.331912e+04,1.330885e+00
6.051724e-01,5.465517e-02,3.537903e+00,1.354903e+01,7.946474e+02,3.481500e+02,6.311323e+04,1.331417e+00
6.051724e-01,5.793103e-02,3.540812e+00,1.356832e+01,7.983921e+02,3.481500e+02,6.290471e+04,1.331962e+00
6.051724e-01,6.120690e-02,3.543781e+00,1.358806e+01,8.021786e+02,3.481500e+02,6.269350e+04,1.332519e+00
6.051724e-01,6.448276e-02,3.546811e+00,1.360825e+01,8.060078e+02,3.481500e+02,6.247956e+04,1.333089e+00
6.051724e-01,6.775862e-02,3.549905e+00,1.362892e+01,8.098805e+02,3.481500e+02,6.226284e+04,1.333673e+00
6.051724e-01,7.103448e-02,3.553065e+00,1.365007e+01,8.137976e+02,3.481500e+02,6.204327e+04,1.334272e+00
6.051724e-01,7.431034e-02,3.556293e+00,1.367173e+01,8.177600e+02,3.481500e+02,6.182081e+04,1.334884e+00
6.051724e-01,7.758621e-02,3.559591e+00,1.369392e+01,8.217685e+02,3.481500e+02,6.159539e+04,1.335512e+00
6.051724e-01,8.086207e-02,3.562962e+00,1.371664e+01,8.258241e+02,3.481500e+02,6.136695e+04,1.336156e+00
6.051724e-01,8.413793e-02,3.566408e+00,1.373994e+01,8.299278e+02,3.481500e+02,6.113545e+04,1.336816e+00
6.051724e-01,8.741379e-02,3.569931e+00,1.376381e+01,8.340804e+02,3.481500e+02,6.090080e+04,1.337492e+00
6.051724e-01,9.068966e-02,3.573534e+00,1.378829e+01,8.382831e+02,3.481500e+02,6.066295e+04,1.338187e+00
6.051724e-01,9.396552e-02,3.577220e+00,1.381340e+01,8.425368e+02,3.481500e+02,6.042183e+04,1.338899e+00
6.051724e-01,9.724138e-02,nan,nan,nan,nan,nan,nan
6.051724e-01,1.005172e-01,nan,nan,nan,nan,nan,nan
6.051724e-01,1.037931e-01,nan,nan,nan,nan,nan,nan
6.051724e-01,1.070690e-01,nan,nan,nan,nan,nan,nan
6.051724e-01,1.103448e-01,nan,nan,nan,nan,nan,nan
6.051724e-01,1.136207e-01,nan,nan,nan,nan,nan,nan
6.051724e-01,1.168966e-01,nan,nan,nan,nan,nan,nan
6.051724e-01,1.201724e-01,nan,nan,nan,nan,nan,nan
6.051724e-01,1.234483e-01,nan,nan,nan,nan,nan,nan
6.051724e-01,1.267241e-01,nan,nan,nan,nan,nan,nan
6.051724e-01,1.300000e-01,nan,nan,nan,nan,nan,nan
6.155172e-01,3.500000e-02,3.510093e+00,1.337530e+01,7.895328e+02,3.481500e+02,6.425546e+04,1.326532e+00
6.155172e-01,3.827586e-02,3.512784e+00,1.339295e+01,7.931388e+02,3.481500e+02,6.405606e+04,1.327028e+00
6.155172e-01,4.155172e-02,3.515528e+00,1.341098e+01,7.967840e+02,3.481500e+02,6.385412e+04,1.327536e+00
6.155172e-01,4.482759e-02,3.518328e+00,1.342942e+01,8.004690e+02,3.481500e+02,6.364958e+04,1.328054e+00
6.155172e-01,4.810345e-02,3.521186e+00,1.344828e+01,8.041947e+02,3.481500e+02,6.344242e+04,1.328585e+00
6.155172e-01,5.137931e-02,3.524102e+00,1.346757e+01,8.079618e+02,3.481500e+02,6.323255e+04,1.329128e+00
6.155172e-01,5.465517e-02,3.527078e+00,1.348730e+01,8.117711e+02,3.481500e+02,6.301995e+04,1.329684e+00
6.155172e-01,5.793103e-02,3.530118e+00,1.350749e+01,8.156234e+02,3.481500e+02,6.280455e+04,1.330253e+00
6.155172e-01,6.120690e-02,3.533222e+00,1.352816e+01,8.195195e+02,3.481500e+02,6.258630e+04,1.330836e+00
6.155172e-01,6.448276e-02,3.536393e+00,1.354933e+01,8.234605e+02,3.481500e+02,6.236513e+04,1.331433e+00
6.155172e-01,6.775862e-02,3.539633e+00,1.357100e+01,8.274470e+02,3.481500e+02,6.214100e+04,1.332045e+00
6.155172e-01,7.103448e-02,3.542943e+00,1.359321e+01,8.314801e+02,3.481500e+02,6.191383e+04,1.332672e+00
6.155172e-01,7.431034e-02,3.546328e+00,1.361596e+01,8.355607e+02,3.481500e+02,6.168358e+04,1.333315e+00
6.155172e-01,7.758621e-02,3.549788e+00,1.363928e+01,8.396897e+02,3.481500e+02,6.145017e+04,1.333974e+00
6.155172e-01,8.086207e-02,3.553327e+00,1.366319e+01,8.438682e+02,3.481500e+02,6.121354e+04,1.334651e+00
6.155172e-01,8.413793e-02,3.556948e+00,1.368772e+01,8.480972e+02,3.481500e+02,6.097363e+04,1.335345e+00
6.155172e-01,8.741379e-02,3.560652e+00,1.371288e+01,8.523777e+02,3.481500e+02,6.073036e+04,1.336057e+00
6.155172e-01,9.068966e-02,3.564444e+00,1.373870e+01,8.567108e+02,3.481500e+02,6.048366e+04,1.336789e+00
6.155172e-01,9.396552e-02,nan,nan,nan,nan,nan,nan
6.155172e-01,9.724138e-02,nan,nan,nan,nan,nan,nan
6.155172e-01,1.005172e-01,nan,nan,nan,nan,nan,nan
6.155172e-01,1.037931e-01,nan,nan,nan,nan,nan,nan
6.155172e-01,1.070690e-01,nan,nan,nan,nan,nan,nan
6.155172e-01,1.103448e-01,nan,nan,nan,nan,nan,nan
6.155172e-01,1.136207e-01,nan,nan,nan,nan,nan,nan
6.155172e-01,1.168966e-01,nan,nan,nan,nan,nan,nan
6.155172e-01,1.201724e-01,nan,nan,nan,nan,nan,nan
6.155172e-01,1.234483e-01,nan,nan,nan,nan,nan,nan
6.155172e-01,1.267241e-01,nan,nan,nan,nan,nan,nan
6.155172e-01,1.300000e-01,nan,nan,nan,nan,nan,nan
6.258621e-01,3.500000e-02,3.499157e+00,1.331211e+01,8.060705e+02,3.481500e+02,6.419681e+04,1.324764e+00
6.258621e-01,3.827586e-02,3.501962e+00,1.333052e+01,8.097760e+02,3.481500e+02,6.399110e+04,1.325281e+00
6.258621e-01,4.155172e-02,3.504823e+00,1.334936e+01,8.135224e+02,3.481500e+02,6.378268e+04,1.325810e+00
6.258621e-01,4.482759e-02,3.507745e+00,1.336862e+01,8.173106e+02,3.481500e+02,6.357151e+04,1.326351e+00
6.258621e-01,4.810345e-02,3.510728e+00,1.338833e+01,8.211413e+02,3.481500e+02,6.335754e+04,1.326906e+00
6.258621e-01,5.137931e-02,3.513774e+00,1.340851e+01,8.250153e+02,3.481500e+02,6.314070e+04,1.327473e+00
6.258621e-01,5.465517e-02,3.516886e+00,1.342917e+01,8.289335e+02,3.481500e+02,6.292093e+04,1.328054e+00
6.258621e-01,5.793103e-02,3.520065e+00,1.345032e+01,8.328968e+02,3.481500e+02,6.269819e+04,1.328650e+00
6.258621e-01,6.120690e-02,3.523314e+00,1.347200e+01,8.369061e+02,3.481500e+02,6.247241e+04,1.329260e+00
6.258621e-01,6.448276e-02,3.526635e+00,1.349420e+01,8.409624e+02,3.481500e+02,6.224351e+04,1.329886e+00
6.258621e-01,6.775862e-02,3.530031e+00,1.351696e+01,8.450665e+02,3.481500e+02,6.201145e+04,1.330528e+00
6.258621e-01,7.103448e-02,3.533504e+00,1.354030e+01,8.492195e+02,3.481500e+02,6.177616e+04,1.331186e+00
6.258621e-01,7.431034e-02,3.537057e+00,1.356423e+01,8.534224e+02,3.481500e+02,6.153756e+04,1.331861e+00
6.258621e-01,7.758621e-02,3.540692e+00,1.358878e+01,8.576763e+02,3.481500e+02,6.129558e+04,1.332555e+00
6.258621e-01,8.086207e-02,3.544412e+00,1.361397e+01,8.619821e+02,3.481500e+02,6.105016e+04,1.333267e+00
6.258621e-01,8.413793e-02,3.548221e+00,1.363983e+01,8.663411e+02,3.481500e+02,6.080122e+04,1.333998e+00
6.258621e-01,8.741379e-02,3.552122e+00,1.366639e+01,8.707543e+02,3.481500e+02,6.054868e+04,1.334749e+00
6.258621e-01,9.068966e-02,nan,nan,nan,nan,nan,nan
6.258621e-01,9.396552e-02,nan,nan,nan,nan,nan,nan
6.258621e-01,9.724138e-02,nan,nan,nan,nan,nan,nan
6.258621e-01,1.005172e-01,nan,nan,nan,nan,nan,nan
6.258621e-01,1.037931e-01,nan,nan,nan,nan,nan,nan
6.258621e-01,1.070690e-01,nan,nan,nan,nan,nan,nan
6.258621e-01,1.103448e-01,nan,nan,nan,nan,nan,nan
6.258621e-01,1.136207e-01,nan,nan,nan,nan,nan,nan
6.258621e-01,1.168966e-01,nan,nan,nan,nan,nan,nan
6.258621e-01,1.201724e-01,nan,nan,nan,nan,nan,nan
6.258621e-01,1.234483e-01,nan,nan,nan,nan,nan,nan
6.258621e-01,1.267241e-01,nan,nan,nan,nan,nan,nan
6.258621e-01,1.300000e-01,nan,nan,nan,nan,nan,nan
6.362069e-01,3.500000e-02,3.488784e+00,1.325209e+01,8.226312e+02,3.481500e+02,6.413459e+04,1.323087e+00
6.362069e-01,3.827586e-02,3.491709e+00,1.327131e+01,8.264390e+02,3.481500e+02,6.392215e+04,1.323626e+00
6.362069e-01,4.155172e-02,3.494696e+00,1.329099e+01,8.302897e+02,3.481500e+02,6.370683e+04,1.324178e+00
6.362069e-01,4.482759e-02,3.497746e+00,1.331114e+01,8.341840e+02,3.481500e+02,6.348859e+04,1.324744e+00
6.362069e-01,4.810345e-02,3.500864e+00,1.333177e+01,8.381228e+02,3.481500e+02,6.326734e+04,1.325323e+00
6.362069e-01,5.137931e-02,3.504049e+00,1.335290e+01,8.421071e+02,3.481500e+02,6.304305e+04,1.325917e+00
6.362069e-01,5.465517e-02,3.507305e+00,1.337455e+01,8.461378e+02,3.481500e+02,6.281563e+04,1.326525e+00
6.362069e-01,5.793103e-02,3.510634e+00,1.339674e+01,8.502158e+02,3.481500e+02,6.258503e+04,1.327149e+00
6.362069e-01,6.120690e-02,3.514039e+00,1.341949e+01,8.543420e+02,3.481500e+02,6.235119e+04,1.327789e+00
6.362069e-01,6.448276e-02,3.517522e+00,1.344282e+01,8.585176e+02,3.481500e+02,6.211402e+04,1.328446e+00
6.362069e-01,6.775862e-02,3.521086e+00,1.346675e+01,8.627435e+02,3.481500e+02,6.187345e+04,1.329120e+00
6.362069e-01,7.103448e-02,3.524733e+00,1.349130e+01,8.670208e+02,3.481500e+02,6.162943e+04,1.329812e+00
6.362069e-01,7.431034e-02,3.528467e+00,1.351651e+01,8.713506e+02,3.481500e+02,6.138186e+04,1.330523e+00
6.362069e-01,7.758621e-02,3.532291e+00,1.354239e+01,8.757340e+02,3.481500e+02,6.113068e+04,1.331253e+00
6.362069e-01,8.086207e-02,3.536208e+00,1.356898e+01,8.801723e+02,3.481500e+02,6.087580e+04,1.332003e+00
6.362069e-01,8.413793e-02,3.540222e+00,1.359630e+01,8.846665e+02,3.481500e+02,6.061713e+04,1.332775e+00
6.362069e-01,8.741379e-02,nan,nan,nan,nan,nan,nan
6.362069e-01,9.068966e-02,nan,nan,nan,nan,nan,nan
6.362069e-01,9.396552e-02,nan,nan,nan,nan,nan,nan
6.362069e-01,9.724138e-02,nan,nan,nan,nan,nan,nan
6.362069e-01,1.005172e-01,nan,nan,nan,nan,nan,nan
6.362069e-01,1.037931e-01,nan,nan,nan,nan,nan,nan
6.362069e-01,1.070690e-01,nan,nan,nan,nan,nan,nan
6.362069e-01,1.103448e-01,nan,nan,nan,nan,nan,nan
6.362069e-01,1.136207e-01,nan,nan,nan,nan,nan,nan
6.362069e-01,1.168966e-01,nan,nan,nan,nan,nan,nan
6.362069e-01,1.201724e-01,nan,nan,nan,nan,nan,nan
6.362069e-01,1.234483e-01,nan,nan,nan,nan,nan,nan
6.362069e-01,1.267241e-01,nan,nan,nan,nan,nan,nan
6.362069e-01,1.300000e-01,nan,nan,nan,nan,nan,nan
6.465517e-01,3.500000e-02,3.478951e+00,1.319512e+01,8.392166e+02,3.481500e+02,6.406847e+04,1.321498e+00
6.465517e-01,3.827586e-02,3.482004e+00,1.321521e+01,8.431297e+02,3.481500e+02,6.384884e+04,1.322061e+00
6.465517e-01,4.155172e-02,3.485124e+00,1.323580e+01,8.470878e+02,3.481500e+02,6.362616e+04,1.322637e+00
6.465517e-01,4.482759e-02,3.488313e+00,1.325688e+01,8.510916e+02,3.481500e+02,6.340034e+04,1.323229e+00
6.465517e-01,4.810345e-02,3.491574e+00,1.327850e+01,8.551422e+02,3.481500e+02,6.317132e+04,1.323835e+00
6.465517e-01,5.137931e-02,3.494909e+00,1.330065e+01,8.592405e+02,3.481500e+02,6.293904e+04,1.324456e+00
6.465517e-01,5.465517e-02,3.498320e+00,1.332337e+01,8.633874e+02,3.481500e+02,6.270343e+04,1.325094e+00
6.465517e-01,5.793103e-02,3.501810e+00,1.334667e+01,8.675841e+02,3.481500e+02,6.246441e+04,1.325749e+00
6.465517e-01,6.120690e-02,3.505382e+00,1.337059e+01,8.718316e+02,3.481500e+02,6.222190e+04,1.326421e+00
6.465517e-01,6.448276e-02,3.509039e+00,1.339513e+01,8.761309e+02,3.481500e+02,6.197584e+04,1.327111e+00
6.465517e-01,6.775862e-02,3.512784e+00,1.342033e+01,8.804833e+02,3.481500e+02,6.172614e+04,1.327820e+00
6.465517e-01,7.103448e-02,3.516621e+00,1.344621e+01,8.848898e+02,3.481500e+02,6.147272e+04,1.328549e+00
6.465517e-01,7.431034e-02,3.520551e+00,1.347281e+01,8.893516e+02,3.481500e+02,6.121550e+04,1.329298e+00
6.465517e-01,7.758621e-02,3.524580e+00,1.350014e+01,8.938700e+02,3.481500e+02,6.095439e+04,1.330069e+00
6.465517e-01,8.086207e-02,3.528710e+00,1.352824e+01,8.984462e+02,3.481500e+02,6.068931e+04,1.330861e+00
6.465517e-01,8.413793e-02,3.532946e+00,1.355714e+01,9.030816e+02,3.481500e+02,6.042015e+04,1.331677e+00
6.465517e-01,8.741379e-02,nan,nan,nan,nan,nan,nan
6.465517e-01,9.068966e-02,nan,nan,nan,nan,nan,nan
6.465517e-01,9.396552e-02,nan,nan,nan,nan,nan,nan
6.465517e-01,9.724138e-02,nan,nan,nan,nan,nan,nan
6.465517e-01,1.005172e-01,nan,nan,nan,nan,nan,nan
6.465517e-01,1.037931e-01,nan,nan,nan,nan,nan,nan
6.465517e-01,1.070690e-01,nan,nan,nan,nan,nan,nan
6.465517e-01,1.103448e-01,nan,nan,nan,nan,nan,nan
6.465517e-01,1.136207e-01,nan,nan,nan,nan,nan,nan
6.465517e-01,1.168966e-01,nan,nan,nan,nan,nan,nan
6.465517e-01,1.201724e-01,nan,nan,nan,nan,nan,nan
6.465517e-01,1.234483e-01,nan,nan,nan,nan,nan,nan
6.465517e-01,1.267241e-01,nan,nan,nan,nan,nan,nan
6.465517e-01,1.300000e-01,nan,nan,nan,nan,nan,nan
6.568966e-01,3.500000e-02,3.469638e+00,1.314111e+01,8.558284e+02,3.481500e+02,6.399805e+04,1.319993e+00
6.568966e-01,3.827586e-02,3.472828e+00,1.316213e+01,8.598504e+02,3.481500e+02,6.377075e+04,1.320581e+00
6.568966e-01,4.155172e-02,3.476091e+00,1.318369e+01,8.639194e+02,3.481500e+02,6.354017e+04,1.321185e+00
6.568966e-01,4.482759e-02,3.479428e+00,1.320579e+01,8.680365e+02,3.481500e+02,6.330624e+04,1.321804e+00
6.568966e-01,4.810345e-02,3.482843e+00,1.322846e+01,8.722027e+02,3.481500e+02,6.306889e+04,1.322439e+00
6.568966e-01,5.137931e-02,3.486338e+00,1.325172e+01,8.764191e+02,3.481500e+02,6.282804e+04,1.323091e+00
6.568966e-01,5.465517e-02,3.489916e+00,1.327559e+01,8.806867e+02,3.481500e+02,6.258362e+04,1.323760e+00
6.568966e-01,5.793103e-02,3.493581e+00,1.330010e+01,8.850066e+02,3.481500e+02,6.233554e+04,1.324448e+00
6.568966e-01,6.120690e-02,3.497334e+00,1.332527e+01,8.893800e+02,3.481500e+02,6.208373e+04,1.325155e+00
6.568966e-01,6.448276e-02,3.501179e+00,1.335113e+01,8.938081e+02,3.481500e+02,6.182809e+04,1.325882e+00
6.568966e-01,6.775862e-02,3.505121e+00,1.337771e+01,8.982921e+02,3.481500e+02,6.156854e+04,1.326629e+00
6.568966e-01,7.103448e-02,3.509162e+00,1.340504e+01,9.028332e+02,3.481500e+02,6.130499e+04,1.327398e+00
6.568966e-01,7.431034e-02,3.513306e+00,1.343314e+01,9.074328e+02,3.481500e+02,6.103734e+04,1.328189e+00
6.568966e-01,7.758621e-02,3.517558e+00,1.346206e+01,9.120922e+02,3.481500e+02,6.076551e+04,1.329003e+00
6.568966e-01,8.086207e-02,3.521921e+00,1.349182e+01,9.168127e+02,3.481500e+02,6.048938e+04,1.329842e+00
6.568966e-01,8.413793e-02,nan,nan,nan,nan,nan,nan
6.568966e-01,8.741379e-02,nan,nan,nan,nan,nan,nan
6.568966e-01,9.068966e-02,nan,nan,nan,nan,nan,nan
6.568966e-01,9.396552e-02,nan,nan,nan,nan,nan,nan
6.568966e-01,9.724138e-02,nan,nan,nan,nan,nan,nan
6.568966e-01,1.005172e-01,nan,nan,nan,nan,nan,nan
6.568966e-01,1.037931e-01,nan,nan,nan,nan,nan,nan
6.568966e-01,1.070690e-01,nan,nan,nan,nan,nan,nan
6.568966e-01,1.103448e-01,nan,nan,nan,nan,nan,nan
6.568966e-01,1.136207e-01,nan,nan,nan,nan,nan,nan
6.568966e-01,1.168966e-01,nan,nan,nan,nan,nan,nan
6.568966e-01,1.201724e-01,nan,nan,nan,nan,nan,nan
6.568966e-01,1.234483e-01,nan,nan,nan,nan,nan,nan
6.568966e-01,1.267241e-01,nan,nan,nan,nan,nan,nan
6.568966e-01,1.300000e-01,nan,nan,nan,nan,nan,nan
6.672414e-01,3.500000e-02,3.460827e+00,1.308998e+01,8.724691e+02,3.481500e+02,6.392291e+04,1.318571e+00
6.672414e-01,3.827586e-02,3.464165e+00,1.311201e+01,8.766036e+02,3.481500e+02,6.368737e+04,1.319186e+00
6.672414e-01,4.155172e-02,3.467581e+00,1.313461e+01,8.807875e+02,3.481500e+02,6.344833e+04,1.319818e+00
6.672414e-01,4.482759e-02,3.471078e+00,1.315780e+01,8.850221e+02,3.481500e+02,6.320569e+04,1.320467e+00
6.672414e-01,4.810345e-02,3.474659e+00,1.318161e+01,8.893083e+02,3.481500e+02,6.295938e+04,1.321133e+00
6.672414e-01,5.137931e-02,3.478327e+00,1.320607e+01,8.936473e+02,3.481500e+02,6.270932e+04,1.321818e+00
6.672414e-01,5.465517e-02,3.482086e+00,1.323119e+01,8.980404e+02,3.481500e+02,6.245541e+04,1.322522e+00
6.672414e-01,5.793103e-02,3.485938e+00,1.325700e+01,9.024886e+02,3.481500e+02,6.219757e+04,1.323246e+00
6.672414e-01,6.120690e-02,3.489887e+00,1.328355e+01,9.069933e+02,3.481500e+02,6.193571e+04,1.323991e+00
6.672414e-01,6.448276e-02,3.493938e+00,1.331084e+01,9.115557e+02,3.481500e+02,6.166973e+04,1.324757e+00
6.672414e-01,6.775862e-02,3.498093e+00,1.333892e+01,9.161772e+02,3.481500e+02,6.139953e+04,1.325546e+00
6.672414e-01,7.103448e-02,3.502357e+00,1.336782e+01,9.208592e+02,3.481500e+02,6.112502e+04,1.326358e+00
6.672414e-01,7.431034e-02,3.506734e+00,1.339758e+01,9.256030e+02,3.481500e+02,6.084608e+04,1.327195e+00
6.672414e-01,7.758621e-02,3.511230e+00,1.342824e+01,9.304102e+02,3.481500e+02,6.056262e+04,1.328058e+00
6.672414e-01,8.086207e-02,nan,nan,nan,nan,nan,nan
6.672414e-01,8.413793e-02,nan,nan,nan,nan,nan,nan
6.672414e-01,8.741379e-02,nan,nan,nan,nan,nan,nan
6.672414e-01,9.068966e-02,nan,nan,nan,nan,nan,nan
6.672414e-01,9.396552e-02,nan,nan,nan,nan,nan,nan
6.672414e-01,9.724138e-02,nan,nan,nan,nan,nan,nan
6.672414e-01,1.005172e-01,nan,nan,nan,nan,nan,nan
6.672414e-01,1.037931e-01,nan,nan,nan,nan,nan,nan
6.672414e-01,1.070690e-01,nan,nan,nan,nan,nan,nan
6.672414e-01,1.103448e-01,nan,nan,nan,nan,nan,nan
6.672414e-01,1.136207e-01,nan,nan,nan,nan,nan,nan
6.672414e-01,1.168966e-01,nan,nan,nan,nan,nan,nan
6.672414e-01,1.201724e-01,nan,nan,nan,nan,nan,nan
6.672414e-01,1.234483e-01,nan,nan,nan,nan,nan,nan
6.672414e-01,1.267241e-01,nan,nan,nan,nan,nan,nan
6.672414e-01,1.300000e-01,nan,nan,nan,nan,nan,nan
6.775862e-01,3.500000e-02,3.452506e+00,1.304168e+01,8.891413e+02,3.481500e+02,6.384256e+04,1.317228e+00
6.775862e-01,3.827586e-02,3.456002e+00,1.306478e+01,8.933925e+02,3.481500e+02,6.359817e+04,1.317873e+00
6.775862e-01,4.155172e-02,3.459583e+00,1.308851e+01,8.976959e+02,3.481500e+02,6.335002e+04,1.318536e+00
6.775862e-01,4.482759e-02,3.463252e+00,1.311289e+01,9.020525e+02,3.481500e+02,6.309800e+04,1.319217e+00
6.775862e-01,4.810345e-02,3.467013e+00,1.313793e+01,9.064637e+02,3.481500e+02,6.284204e+04,1.319918e+00
6.775862e-01,5.137931e-02,3.470869e+00,1.316368e+01,9.109305e+02,3.481500e+02,6.258203e+04,1.320638e+00
6.775862e-01,5.465517e-02,3.474823e+00,1.319016e+01,9.154544e+02,3.481500e+02,6.231788e+04,1.321380e+00
6.775862e-01,5.793103e-02,3.478879e+00,1.321740e+01,9.200366e+02,3.481500e+02,6.204949e+04,1.322143e+00
6.775862e-01,6.120690e-02,3.483042e+00,1.324544e+01,9.246786e+02,3.481500e+02,6.177676e+04,1.322929e+00
6.775862e-01,6.448276e-02,3.487315e+00,1.327430e+01,9.293816e+02,3.481500e+02,6.149958e+04,1.323739e+00
6.775862e-01,6.775862e-02,3.491704e+00,1.330403e+01,9.341473e+02,3.481500e+02,6.121784e+04,1.324573e+00
6.775862e-01,7.103448e-02,3.496212e+00,1.333466e+01,9.389770e+02,3.481500e+02,6.093142e+04,1.325434e+00
6.775862e-01,7.431034e-02,3.500845e+00,1.336624e+01,9.438724e+02,3.481500e+02,6.064022e+04,1.326322e+00
6.775862e-01,7.758621e-02,nan,nan,nan,nan,nan,nan
6.775862e-01,8.086207e-02,nan,nan,nan,nan,nan,nan
6.775862e-01,8.413793e-02,nan,nan,nan,nan,nan,nan
6.775862e-01,8.741379e-02,nan,nan,nan,nan,nan,nan
6.775862e-01,9.068966e-02,nan,nan,nan,nan,nan,nan
6.775862e-01,9.396552e-02,nan,nan,nan,nan,nan,nan
6.775862e-01,9.724138e-02,nan,nan,nan,nan,nan,nan
6.775862e-01,1.005172e-01,nan,nan,nan,nan,nan,nan
6.775862e-01,1.037931e-01,nan,nan,nan,nan,nan,nan
6.775862e-01,1.070690e-01,nan,nan,nan,nan,nan,nan
6.775862e-01,1.103448e-01,nan,nan,nan,nan,nan,nan
6.775862e-01,1.136207e-01,nan,nan,nan,nan,nan,nan
6.775862e-01,1.168966e-01,nan,nan,nan,nan,nan,nan
6.775862e-01,1.201724e-01,nan,nan,nan,nan,nan,nan
6.775862e-01,1.234483e-01,nan,nan,nan,nan,nan,nan
6.775862e-01,1.267241e-01,nan,nan,nan,nan,nan,nan
6.775862e-01,1.300000e-01,nan,nan,nan,nan,nan,nan
6.879310e-01,3.500000e-02,3.444661e+00,1.299615e+01,9.058484e+02,3.481500e+02,6.375643e+04,1.315965e+00
6.879310e-01,3.827586e-02,3.448328e+00,1.302042e+01,9.102211e+02,3.481500e+02,6.350251e+04,1.316642e+00
6.879310e-01,4.155172e-02,3.452088e+00,1.304537e+01,9.146487e+02,3.481500e+02,6.324453e+04,1.317338e+00
6.879310e-01,4.482759e-02,3.455944e+00,1.307103e+01,9.191327e+02,3.481500e+02,6.298239e+04,1.318054e+00
6.879310e-01,4.810345e-02,3.459899e+00,1.309742e+01,9.236742e+02,3.481500e+02,6.271598e+04,1.318792e+00
6.879310e-01,5.137931e-02,3.463959e+00,1.312458e+01,9.282747e+02,3.481500e+02,6.244521e+04,1.319551e+00
6.879310e-01,5.465517e-02,3.468126e+00,1.315254e+01,9.329356e+02,3.481500e+02,6.216997e+04,1.320334e+00
6.879310e-01,5.793103e-02,3.472405e+00,1.318134e+01,9.376582e+02,3.481500e+02,6.189014e+04,1.321140e+00
6.879310e-01,6.120690e-02,3.476801e+00,1.321102e+01,9.424442e+02,3.481500e+02,6.160561e+04,1.321971e+00
6.879310e-01,6.448276e-02,3.481318e+00,1.324160e+01,9.472950e+02,3.481500e+02,6.131626e+04,1.322829e+00
6.879310e-01,6.775862e-02,3.485963e+00,1.327314e+01,9.522123e+02,3.481500e+02,6.102196e+04,1.323714e+00
6.879310e-01,7.103448e-02,3.490739e+00,1.330569e+01,9.571977e+02,3.481500e+02,6.072259e+04,1.324627e+00
6.879310e-01,7.431034e-02,3.495653e+00,1.333928e+01,9.622530e+02,3.481500e+02,6.041802e+04,1.325571e+00
6.879310e-01,7.758621e-02,nan,nan,nan,nan,nan,nan
6.879310e-01,8.086207e-02,nan,nan,nan,nan,nan,nan
6.879310e-01,8.413793e-02,nan,nan,nan,nan,nan,nan
6.879310e-01,8.741379e-02,nan,nan,nan,nan,nan,nan
6.879310e-01,9.068966e-02,nan,nan,nan,nan,nan,nan
6.879310e-01,9.396552e-02,nan,nan,nan,nan,nan,nan
6.879310e-01,9.724138e-02,nan,nan,nan,nan,nan,nan
6.879310e-01,1.005172e-01,nan,nan,nan,nan,nan,nan
6.879310e-01,1.037931e-01,nan,nan,nan,nan,nan,nan
6.879310e-01,1.070690e-01,nan,nan,nan,nan,nan,nan
6.879310e-01,1.103448e-01,nan,nan,nan,nan,nan,nan
6.879310e-01,1.136207e-01,nan,nan,nan,nan,nan,nan
6.879310e-01,1.168966e-01,nan,nan,nan,nan,nan,nan
6.879310e-01,1.201724e-01,nan,nan,nan,nan,nan,nan
6.879310e-01,1.234483e-01,nan,nan,nan,nan,nan,nan
6.879310e-01,1.267241e-01,nan,nan,nan,nan,nan,nan
6.879310e-01,1.300000e-01,nan,nan,nan,nan,nan,nan
6.982759e-01,3.500000e-02,3.437285e+00,1.295337e+01,9.225942e+02,3.481500e+02,6.366388e+04,1.314779e+00
6.982759e-01,3.827586e-02,3.441138e+00,1.297891e+01,9.270936e+02,3.481500e+02,6.339965e+04,1.315490e+00
6.982759e-01,4.155172e-02,3.445091e+00,1.300519e+01,9.316512e+02,3.481500e+02,6.313104e+04,1.316223e+00
6.982759e-01,4.482759e-02,3.449150e+00,1.303224e+01,9.362684e+02,3.481500e+02,6.285793e+04,1.316978e+00
6.982759e-01,4.810345e-02,3.453317e+00,1.306010e+01,9.409465e+02,3.481500e+02,6.258022e+04,1.317756e+00
6.982759e-01,5.137931e-02,3.457599e+00,1.308881e+01,9.456872e+02,3.481500e+02,6.229777e+04,1.318558e+00
6.982759e-01,5.465517e-02,3.461999e+00,1.311839e+01,9.504919e+02,3.481500e+02,6.201047e+04,1.319385e+00
6.982759e-01,5.793103e-02,3.466522e+00,1.314890e+01,9.553623e+02,3.481500e+02,6.171820e+04,1.320239e+00
6.982759e-01,6.120690e-02,3.471174e+00,1.318038e+01,9.603000e+02,3.481500e+02,6.142082e+04,1.321120e+00
6.982759e-01,6.448276e-02,3.475960e+00,1.321286e+01,9.653067e+02,3.481500e+02,6.111819e+04,1.322030e+00
6.982759e-01,6.775862e-02,3.480886e+00,1.324641e+01,9.703842e+02,3.481500e+02,6.081019e+04,1.322971e+00
6.982759e-01,7.103448e-02,3.485959e+00,1.328107e+01,9.755343e+02,3.481500e+02,6.049666e+04,1.323944e+00
6.982759e-01,7.431034e-02,nan,nan,nan,nan,nan,nan
6.982759e-01,7.758621e-02,nan,nan,nan,nan,nan,nan
6.982759e-01,8.086207e-02,nan,nan,nan,nan,nan,nan
6.982759e-01,8.413793e-02,nan,nan,nan,nan,nan,nan
6.982759e-01,8.741379e-02,nan,nan,nan,nan,nan,nan
6.982759e-01,9.068966e-02,nan,nan,nan,nan,nan,nan
6.982759e-01,9.396552e-02,nan,nan,nan,nan,nan,nan
6.982759e-01,9.724138e-02,nan,nan,nan,nan,nan,nan
6.982759e-01,1.005172e-01,nan,nan,nan,nan,nan,nan
6.982759e-01,1.037931e-01,nan,nan,nan,nan,nan,nan
6.982759e-01,1.070690e-01,nan,nan,nan,nan,nan,nan
6.982759e-01,1.103448e-01,nan,nan,nan,nan,nan,nan
6.982759e-01,1.136207e-01,nan,nan,nan,nan,nan,nan
6.982759e-01,1.168966e-01,nan,nan,nan,nan,nan,nan
6.982759e-01,1.201724e-01,nan,nan,nan,nan,nan,nan
6.982759e-01,1.234483e-01,nan,nan,nan,nan,nan,nan
6.982759e-01,1.267241e-01,nan,nan,nan,nan,nan,nan
6.982759e-01,1.300000e-01,nan,nan,nan,nan,nan,nan
7.086207e-01,3.500000e-02,3.430372e+00,1.291333e+01,9.393833e+02,3.481500e+02,6.356416e+04,1.313670e+00
7.086207e-01,3.827586e-02,3.434426e+00,1.294025e+01,9.440154e+02,3.481500e+02,6.328877e+04,1.314420e+00
7.086207e-01,4.155172e-02,3.438590e+00,1.296798e+01,9.487093e+02,3.481500e+02,6.300862e+04,1.315192e+00
7.086207e-01,4.482759e-02,3.442870e+00,1.299656e+01,9.534663e+02,3.481500e+02,6.272359e+04,1.315989e+00
7.086207e-01,4.810345e-02,3.447270e+00,1.302603e+01,9.582882e+02,3.481500e+02,6.243356e+04,1.316812e+00
7.086207e-01,5.137931e-02,3.451795e+00,1.305643e+01,9.631765e+02,3.481500e+02,6.213840e+04,1.317660e+00
7.086207e-01,5.465517e-02,3.456450e+00,1.308781e+01,9.681330e+02,3.481500e+02,6.183795e+04,1.318537e+00
7.086207e-01,5.793103e-02,3.461242e+00,1.312021e+01,9.731594e+02,3.481500e+02,6.153209e+04,1.319443e+00
7.086207e-01,6.120690e-02,3.466176e+00,1.315368e+01,9.782576e+02,3.481500e+02,6.122067e+04,1.320380e+00
7.086207e-01,6.448276e-02,3.471259e+00,1.318827e+01,9.834294e+02,3.481500e+02,6.090352e+04,1.321348e+00
7.086207e-01,6.775862e-02,3.476497e+00,1.322405e+01,9.886770e+02,3.481500e+02,6.058050e+04,1.322351e+00
7.086207e-01,7.103448e-02,nan,nan,nan,nan,nan,nan
7.086207e-01,7.431034e-02,nan,nan,nan,nan,nan,nan
7.086207e-01,7.758621e-02,nan,nan,nan,nan,nan,nan
7.086207e-01,8.086207e-02,nan,nan,nan,nan,nan,nan
7.086207e-01,8.413793e-02,nan,nan,nan,nan,nan,nan
7.086207e-01,8.741379e-02,nan,nan,nan,nan,nan,nan
7.086207e-01,9.068966e-02,nan,nan,nan,nan,nan,nan
7.086207e-01,9.396552e-02,nan,nan,nan,nan,nan,nan
7.086207e-01,9.724138e-02,nan,nan,nan,nan,nan,nan
7.086207e-01,1.005172e-01,nan,nan,nan,nan,nan,nan
7.086207e-01,1.037931e-01,nan,nan,nan,nan,nan,nan
7.086207e-01,1.070690e-01,nan,nan,nan,nan,nan,nan
7.086207e-01,1.103448e-01,nan,nan,nan,nan,nan,nan
7.086207e-01,1.136207e-01,nan,nan,nan,nan,nan,nan
7.086207e-01,1.168966e-01,nan,nan,nan,nan,nan,nan
7.086207e-01,1.201724e-01,nan,nan,nan,nan,nan,nan
7.086207e-01,1.234483e-01,nan,nan,nan,nan,nan,nan
7.086207e-01,1.267241e-01,nan,nan,nan,nan,nan,nan
7.086207e-01,1.300000e-01,nan,nan,nan,nan,nan,nan
7.189655e-01,3.500000e-02,3.423920e+00,1.287604e+01,9.562212e+02,3.481500e+02,6.345641e+04,1.312639e+00
7.189655e-01,3.827586e-02,3.428194e+00,1.290447e+01,9.609929e+02,3.481500e+02,6.316887e+04,1.313430e+00
7.189655e-01,4.155172e-02,3.432589e+00,1.293379e+01,9.658301e+02,3.481500e+02,6.287615e+04,1.314246e+00
7.189655e-01,4.482759e-02,3.437111e+00,1.296405e+01,9.707346e+02,3.481500e+02,6.257814e+04,1.315089e+00
7.189655e-01,4.810345e-02,3.441766e+00,1.299530e+01,9.757082e+02,3.481500e+02,6.227467e+04,1.315961e+00
7.189655e-01,5.137931e-02,3.446559e+00,1.302757e+01,9.807527e+02,3.481500e+02,6.196559e+04,1.316861e+00
7.189655e-01,5.465517e-02,3.451496e+00,1.306093e+01,9.858699e+02,3.481500e+02,6.165076e+04,1.317793e+00
7.189655e-01,5.793103e-02,3.456585e+00,1.309542e+01,9.910619e+02,3.481500e+02,6.133001e+04,1.318757e+00
7.189655e-01,6.120690e-02,3.461832e+00,1.313111e+01,9.963307e+02,3.481500e+02,6.100317e+04,1.319755e+00
7.189655e-01,6.448276e-02,3.467245e+00,1.316806e+01,1.001678e+03,3.481500e+02,6.067006e+04,1.320789e+00
7.189655e-01,6.775862e-02,nan,nan,nan,nan,nan,nan
7.189655e-01,7.103448e-02,nan,nan,nan,nan,nan,nan
7.189655e-01,7.431034e-02,nan,nan,nan,nan,nan,nan
7.189655e-01,7.758621e-02,nan,nan,nan,nan,nan,nan
7.189655e-01,8.086207e-02,nan,nan,nan,nan,nan,nan
7.189655e-01,8.413793e-02,nan,nan,nan,nan,nan,nan
7.189655e-01,8.741379e-02,nan,nan,nan,nan,nan,nan
7.189655e-01,9.068966e-02,nan,nan,nan,nan,nan,nan
7.189655e-01,9.396552e-02,nan,nan,nan,nan,nan,nan
7.189655e-01,9.724138e-02,nan,nan,nan,nan,nan,nan
7.189655e-01,1.005172e-01,nan,nan,nan,nan,nan,nan
7.189655e-01,1.037931e-01,nan,nan,nan,nan,nan,nan
7.189655e-01,1.070690e-01,nan,nan,nan,nan,nan,nan
7.189655e-01,1.103448e-01,nan,nan,nan,nan,nan,nan
7.189655e-01,1.136207e-01,nan,nan,nan,nan,nan,nan
7.189655e-01,1.168966e-01,nan,nan,nan,nan,nan,nan
7.189655e-01,1.201724e-01,nan,nan,nan,nan,nan,nan
7.189655e-01,1.234483e-01,nan,nan,nan,nan,nan,nan
7.189655e-01,1.267241e-01,nan,nan,nan,nan,nan,nan
7.189655e-01,1.300000e-01,nan,nan,nan,nan,nan,nan
7.293103e-01,3.500000e-02,3.417930e+00,1.284155e+01,9.731143e+02,3.481500e+02,6.333962e+04,1.311686e+00
7.293103e-01,3.827586e-02,3.422445e+00,1.287163e+01,9.780333e+02,3.481500e+02,6.303881e+04,1.312522e+00
7.293103e-01,4.155172e-02,3.427094e+00,1.290271e+01,9.830222e+02,3.481500e+02,6.273236e+04,1.313387e+00
7.293103e-01,4.482759e-02,3.431884e+00,1.293482e+01,9.880829e+02,3.481500e+02,6.242012e+04,1.314281e+00
7.293103e-01,4.810345e-02,3.436820e+00,1.296803e+01,9.932174e+02,3.481500e+02,6.210192e+04,1.315207e+00
7.293103e-01,5.137931e-02,3.441909e+00,1.300238e+01,9.984278e+02,3.481500e+02,6.177759e+04,1.316165e+00
7.293103e-01,5.465517e-02,3.447160e+00,1.303794e+01,1.003716e+03,3.481500e+02,6.144694e+04,1.317158e+00
7.293103e-01,5.793103e-02,3.452578e+00,1.307478e+01,1.009085e+03,3.481500e+02,6.110980e+04,1.318187e+00
7.293103e-01,6.120690e-02,3.458174e+00,1.311295e+01,1.014536e+03,3.481500e+02,6.076596e+04,1.319254e+00
7.293103e-01,6.448276e-02,3.463955e+00,1.315253e+01,1.020072e+03,3.481500e+02,6.041524e+04,1.320362e+00
7.293103e-01,6.775862e-02,nan,nan,nan,nan,nan,nan
7.293103e-01,7.103448e-02,nan,nan,nan,nan,nan,nan
7.293103e-01,7.431034e-02,nan,nan,nan,nan,nan,nan
7.293103e-01,7.758621e-02,nan,nan,nan,nan,nan,nan
7.293103e-01,8.086207e-02,nan,nan,nan,nan,nan,nan
7.293103e-01,8.413793e-02,nan,nan,nan,nan,nan,nan
7.293103e-01,8.741379e-02,nan,nan,nan,nan,nan,nan
7.293103e-01,9.068966e-02,nan,nan,nan,nan,nan,nan
7.293103e-01,9.396552e-02,nan,nan,nan,nan,nan,nan
7.293103e-01,9.724138e-02,nan,nan,nan,nan,nan,nan
7.293103e-01,1.005172e-01,nan,nan,nan,nan,nan,nan
7.293103e-01,1.037931e-01,nan,nan,nan,nan,nan,nan
7.293103e-01,1.070690e-01,nan,nan,nan,nan,nan,nan
7.293103e-01,1.103448e-01,nan,nan,nan,nan,nan,nan
7.293103e-01,1.136207e-01,nan,nan,nan,nan,nan,nan
7.293103e-01,1.168966e-01,nan,nan,nan,nan,nan,nan
7.293103e-01,1.201724e-01,nan,nan,nan,nan,nan,nan
7.293103e-01,1.234483e-01,nan,nan,nan,nan,nan,nan
7.293103e-01,1.267241e-01,nan,nan,nan,nan,nan,nan
7.293103e-01,1.300000e-01,nan,nan,nan,nan,nan,nan
7.396552e-01,3.500000e-02,3.412408e+00,1.280990e+01,9.900705e+02,3.481500e+02,6.321259e+04,1.310812e+00
7.396552e-01,3.827586e-02,3.417189e+00,1.284182e+01,9.951455e+02,3.481500e+02,6.289724e+04,1.311699e+00
7.396552e-01,4.155172e-02,3.422119e+00,1.287483e+01,1.000295e+03,3.481500e+02,6.257572e+04,1.312618e+00
7.396552e-01,4.482759e-02,3.427204e+00,1.290901e+01,1.005522e+03,3.481500e+02,6.224785e+04,1.313569e+00
7.396552e-01,4.810345e-02,3.432452e+00,1.294440e+01,1.010829e+03,3.481500e+02,6.191344e+04,1.314555e+00
7.396552e-01,5.137931e-02,3.437872e+00,1.298108e+01,1.016216e+03,3.481500e+02,6.157228e+04,1.315577e+00
7.396552e-01,5.465517e-02,3.443471e+00,1.301911e+01,1.021688e+03,3.481500e+02,6.122417e+04,1.316639e+00
7.396552e-01,5.793103e-02,3.449260e+00,1.305857e+01,1.027246e+03,3.481500e+02,6.086890e+04,1.317741e+00
7.396552e-01,6.120690e-02,3.455246e+00,1.309953e+01,1.032892e+03,3.481500e+02,6.050625e+04,1.318886e+00
7.396552e-01,6.448276e-02,nan,nan,nan,nan,nan,nan
7.396552e-01,6.775862e-02,nan,nan,nan,nan,nan,nan
7.396552e-01,7.103448e-02,nan,nan,nan,nan,nan,nan
7.396552e-01,7.431034e-02,nan,nan,nan,nan,nan,nan
7.396552e-01,7.758621e-02,nan,nan,nan,nan,nan,nan
7.396552e-01,8.086207e-02,nan,nan,nan,nan,nan,nan
7.396552e-01,8.413793e-02,nan,nan,nan,nan,nan,nan
7.396552e-01,8.741379e-02,nan,nan,nan,nan,nan,nan
7.396552e-01,9.068966e-02,nan,nan,nan,nan,nan,nan
7.396552e-01,9.396552e-02,nan,nan,nan,nan,nan,nan
7.396552e-01,9.724138e-02,nan,nan,nan,nan,nan,nan
7.396552e-01,1.005172e-01,nan,nan,nan,nan,nan,nan
7.396552e-01,1.037931e-01,nan,nan,nan,nan,nan,nan
7.396552e-01,1.070690e-01,nan,nan,nan,nan,nan,nan
7.396552e-01,1.103448e-01,nan,nan,nan,nan,nan,nan
7.396552e-01,1.136207e-01,nan,nan,nan,nan,nan,nan
7.396552e-01,1.168966e-01,nan,nan,nan,nan,nan,nan
7.396552e-01,1.201724e-01,nan,nan,nan,nan,nan,nan
7.396552e-01,1.234483e-01,nan,nan,nan,nan,nan,nan
7.396552e-01,1.267241e-01,nan,nan,nan,nan,nan,nan
7.396552e-01,1.300000e-01,nan,nan,nan,nan,nan,nan
7.500000e-01,3.500000e-02,3.407366e+00,1.278121e+01,1.007099e+03,3.481500e+02,6.307392e+04,1.310022e+00
7.500000e-01,3.827586e-02,3.412441e+00,1.281516e+01,1.012340e+03,3.481500e+02,6.274258e+04,1.310965e+00
7.500000e-01,4.155172e-02,3.417682e+00,1.285034e+01,1.017662e+03,3.481500e+02,6.240444e+04,1.311943e+00
7.500000e-01,4.482759e-02,3.423097e+00,1.288681e+01,1.023067e+03,3.481500e+02,6.205931e+04,1.312957e+00
7.500000e-01,4.810345e-02,3.428694e+00,1.292465e+01,1.028557e+03,3.481500e+02,6.170696e+04,1.314011e+00
7.500000e-01,5.137931e-02,3.434483e+00,1.296394e+01,1.034135e+03,3.481500e+02,6.134716e+04,1.315106e+00
7.500000e-01,5.465517e-02,3.440475e+00,1.300475e+01,1.039804e+03,3.481500e+02,6.097968e+04,1.316245e+00
7.500000e-01,5.793103e-02,3.446679e+00,1.304718e+01,1.045566e+03,3.481500e+02,6.060427e+04,1.317429e+00
7.500000e-01,6.120690e-02,nan,nan,nan,nan,nan,nan
7.500000e-01,6.448276e-02,nan,nan,nan,nan,nan,nan
7.500000e-01,6.775862e-02,nan,nan,nan,nan,nan,nan
7.500000e-01,7.103448e-02,nan,nan,nan,nan,nan,nan
7.500000e-01,7.431034e-02,nan,nan,nan,nan,nan,nan
7.500000e-01,7.758621e-02,nan,nan,nan,nan,nan,nan
7.500000e-01,8.086207e-02,nan,nan,nan,nan,nan,nan
7.500000e-01,8.413793e-02,nan,nan,nan,nan,nan,nan
7.500000e-01,8.741379e-02,nan,nan,nan,nan,nan,nan
7.500000e-01,9.068966e-02,nan,nan,nan,nan,nan,nan
7.500000e-01,9.396552e-02,nan,nan,nan,nan,nan,nan
7.500000e-01,9.724138e-02,nan,nan,nan,nan,nan,nan
7.500000e-01,1.005172e-01,nan,nan,nan,nan,nan,nan
7.500000e-01,1.037931e-01,nan,nan,nan,nan,nan,nan
7.500000e-01,1.070690e-01,nan,nan,nan,nan,nan,nan
7.500000e-01,1.103448e-01,nan,nan,nan,nan,nan,nan
7.500000e-01,1.136207e-01,nan,nan,nan,nan,nan,nan
7.500000e-01,1.168966e-01,nan,nan,nan,nan,nan,nan
7.500000e-01,1.201724e-01,nan,nan,nan,nan,nan,nan
7.500000e-01,1.234483e-01,nan,nan,nan,nan,nan,nan
7.500000e-01,1.267241e-01,nan,nan,nan,nan,nan,nan
7.500000e-01,1.300000e-01,nan,nan,nan,nan,nan,nan
