,Conc,T,pH,titrantAmount,deltaCalcite,deltaAnhydrite
0,1.0,20.0,5.9999999999999885,0.0013056954245115242,0.03485285974552532,0.06267074971206732
1,1.0,20.0,7.0,-0.05142636997450588,-2.504663143554353e-13,-7.460698725481052e-14
2,1.0,20.0,8.0,-0.0055710640451799385,1.7763568394002505e-15,1.6824053261643712e-10
3,1.0,20.0,9.000000000000002,-0.0007409305369832983,-5.329070518200751e-15,-1.38921762982136e-10
4,1.0,20.0,10.0,-0.0003145917423686028,0.0,-1.7390533457728452e-12
5,1.0,30.0,6.000000000000001,0.04589194685515547,-8.881784197001252e-15,9.685940938197746e-11
6,1.0,30.0,7.0,-0.040616233821247384,9.78594982825598e-12,-4.085620730620576e-14
7,1.0,30.0,8.0,-0.004417247549660121,-4.796163466380676e-14,1.7115198147621413e-10
8,1.0,30.0,9.0,-0.0005979134225997077,-3.552713678800501e-15,-4.347633364432113e-11
9,1.0,30.0,10.0,-0.0005856337553463214,-1.7763568394002505e-15,-1.1226575225009583e-12
10,1.0,40.0,6.0,0.03764416236739596,-2.376765451117535e-12,2.1747936784777266e-11
11,1.0,40.0,7.0,-0.03306118129092962,2.298961021551804e-11,0.0
12,1.0,40.0,8.0,-0.0035483670848831016,-7.283063041541027e-14,7.016609515630989e-13
13,1.0,40.0,9.0,-0.0005292144536972969,0.0,-8.990319599888608e-11
14,1.0,40.0,10.0,-0.0011475442918703128,0.0,-6.750155989720952e-14
15,1.0,50.0,6.0,0.032048209612304375,5.684341886080802e-14,9.768186259861977e-12
16,1.0,50.0,7.0,-0.027603046524141105,8.881784197001252e-14,-1.474376176702208e-13
17,1.0,50.0,8.000000000000002,-0.0028859347356316885,-1.0658141036401503e-14,5.684341886080802e-14
18,1.0,50.0,8.999999999999998,-0.0005457046813508383,0.0,-1.7113421790782013e-11
19,1.0,50.0,10.0,-0.0022145673809452716,0.0,9.627854069549358e-13
20,1.0,60.0,6.0,0.028596417632148832,-7.105427357601002e-15,5.526779034425999e-11
21,1.0,60.0,7.0,-0.023554962218534353,5.684341886080802e-14,-1.9539925233402755e-14
22,1.0,60.0,7.999999999999998,-0.00238176239364298,8.881784197001252e-15,2.7000623958883807e-13
23,1.0,60.0,9.0,-0.0006758619792989222,0.0,-6.52278231427772e-12
24,1.0,60.0,10.0,-0.0041055167717384275,0.0,9.485745522397337e-13
25,1.0,70.0,5.999999999999999,0.02718267461071619,-1.474376176702208e-13,3.1519675758318044e-11
26,1.0,70.0,7.0,-0.020492938965900702,7.105427357601002e-15,-2.4868995751603507e-14
27,1.0,70.0,8.0,-0.0020059777167590405,-3.552713678800501e-15,-3.552713678800501e-15
28,1.0,70.0,9.0,-0.0009708922126256031,0.0,-3.772981926886132e-12
29,1.0,70.0,10.000000000000002,-0.007231541943516574,0.0,1.2967404927621828e-13
30,1.0,80.0,6.0,0.02798027817469175,-3.410605131648481e-13,1.390851878113608e-10
31,1.0,80.0,7.0,-0.018146151945725084,5.924150059399835e-12,-3.552713678800501e-15
32,1.0,80.0,8.0,-0.0017416732276879035,-1.0658141036401503e-14,7.105427357601002e-15
33,1.0,80.0,9.000000000000002,-0.0015104165784825914,-1.7763568394002505e-15,-2.7693403126249905e-12
34,1.0,80.0,10.0,-0.012004808946448564,0.0,1.438849039914203e-13
35,1.0,90.0,5.999999999999999,0.03129373364937205,-1.2612133559741778e-13,1.0037659592398995e-10
36,1.0,90.0,7.0,-0.016336631329406562,3.725020292222325e-12,-1.0658141036401503e-14
37,1.0,90.0,8.0,-0.0015826593729156369,-1.7763568394002505e-15,3.552713678800501e-15
38,1.0,90.0,9.0,-0.0024063443598850735,-1.7763568394002505e-15,-4.105160655853979e-12
39,1.0,90.0,10.0,-0.018641283488898427,-1.7763568394002505e-15,9.769962616701378e-14
40,1.0,100.0,6.0,0.03733035287096621,-2.575717417130363e-13,5.909051026264933e-11
41,1.0,100.0,7.0,-0.01494491865001253,4.3165471197426086e-13,-3.552713678800501e-15
42,1.0,100.0,8.0,-0.0015327295388064112,0.0,2.3092638912203256e-14
43,1.0,100.0,9.000000000000002,-0.0038001282044456985,-1.7763568394002505e-15,-8.544276397515205e-13
44,1.0,100.0,10.0,-0.026940479231599302,0.0,-1.1540990385583427e-11
45,2.0,20.0,5.999999999964932,0.0026113908485497,0.06970571946667192,0.1253414988924959
46,2.0,20.0,7.0,-0.10285273990911022,3.552713678800501e-13,-3.019806626980426e-14
47,2.0,20.0,8.0,-0.011142128089949056,-4.014566457044566e-13,2.645528240918793e-11
48,2.0,20.0,9.0,-0.0014818610739654047,-3.552713678800501e-15,-9.3626439934269e-11
49,2.0,20.0,10.0,-0.0006291834847407,0.0,-8.407496920881385e-12
50,2.0,30.0,6.0,0.09178389371061367,-1.8829382497642655e-13,2.0343193796179548e-10
51,2.0,30.0,7.0,-0.08123246763082703,8.808953566585842e-12,-1.9539925233402755e-14
52,2.0,30.0,8.0,-0.008834495099327575,-8.348877145181177e-14,1.5631940186722204e-13
53,2.0,30.0,8.999999999999998,-0.0011958268451993082,-3.552713678800501e-15,-9.680611867679545e-11
54,2.0,30.0,10.0,-0.001171267510695688,-1.7763568394002505e-15,-2.5224267119483557e-12
55,2.0,40.0,5.999999999999999,0.07528832472719786,1.1546319456101628e-13,6.914824268733355e-11
56,2.0,40.0,7.0,-0.0661223625309639,3.6415315207705135e-13,-1.4210854715202004e-14
57,2.0,40.0,8.0,-0.007096734169973153,6.572520305780927e-14,1.4281908988778014e-12
58,2.0,40.0,9.0,-0.001058428907394193,0.0,-9.062617323252198e-11
59,2.0,40.0,10.0,-0.0022950885837400713,0.0,-5.382361223382759e-13
60,2.0,50.0,6.0,0.06409641922477609,3.552713678800501e-15,1.375290992200462e-10
61,2.0,50.0,7.0,-0.05520609305200444,3.6770586575585185e-12,-9.308109838457312e-13
62,2.0,50.0,8.0,-0.005771869471237094,-3.197442310920451e-14,4.192202140984591e-13
63,2.0,50.0,8.999999999999998,-0.0010914093626983791,0.0,-8.208189683500677e-11
64,2.0,50.0,10.0,-0.004429134761890454,0.0,9.769962616701378e-14
65,2.0,60.0,6.000000000000001,0.05719283526428802,-2.3092638912203256e-14,-2.8208546609675977e-12
66,2.0,60.0,7.0,-0.047109924441280655,4.092726157978177e-12,-1.1013412404281553e-13
67,2.0,60.0,8.0,-0.004763524787343478,9.059419880941277e-14,1.2434497875801753e-13
68,2.0,60.0,9.0,-0.0013517239585936216,0.0,-1.6713741501916957e-11
69,2.0,60.0,10.0,-0.008211033543477155,0.0,-1.3145040611561853e-13
70,2.0,70.0,5.999999999999999,0.05436534922182609,-5.755396159656812e-13,1.1675460598326026e-10
71,2.0,70.0,7.0,-0.04098587795368964,1.8406609569865395e-11,-2.3092638912203256e-14
72,2.0,70.0,8.0,-0.004011955433501086,-7.105427357601002e-15,4.121147867408581e-13
73,2.0,70.0,9.0,-0.0019417844252195041,-3.552713678800501e-15,-1.5075940495989926e-11
74,2.0,70.0,10.000000000000002,-0.014463083887033053,-1.7763568394002505e-15,1.5099033134902129e-12
75,2.0,80.0,5.999999999999999,0.05596055634870634,-3.2507330161024584e-13,3.929301328753354e-11
76,2.0,80.0,7.0,-0.036292303891278854,1.1390000054234406e-11,3.552713678800501e-15
77,2.0,80.0,8.0,-0.003483346455355243,-2.6645352591003757e-14,1.382716163789155e-10
78,2.0,80.0,9.0,-0.003020833156951432,0.0,-8.412825991399586e-12
79,2.0,80.0,10.0,-0.024009617892799425,1.7763568394002505e-15,-2.149391775674303e-13
80,2.0,90.0,5.999999999999999,0.0625874673012396,-1.8847146066036657e-12,6.265032936880743e-11
81,2.0,90.0,6.999999999999998,-0.03267326265028782,-2.1316282072803006e-14,-1.7763568394002505e-15
82,2.0,90.0,8.0,-0.0031653187457941646,-1.2434497875801753e-14,1.2871481658294215e-10
83,2.0,90.0,9.0,-0.004812688719725238,-1.7763568394002505e-15,-3.5136338283336954e-12
84,2.0,90.0,10.0,-0.037282566977805354,0.0,-1.474376176702208e-13
85,2.0,100.0,5.999999999999999,0.07466070574598074,-2.9700686354772188e-12,4.632561001471913e-11
86,2.0,100.0,7.0,-0.029889837303313356,3.835154416265141e-12,-1.7763568394002505e-15
87,2.0,100.0,8.000000000000002,-0.003065459077557797,-2.1316282072803006e-14,3.370228540688913e-10
88,2.0,100.0,8.999999999999998,-0.007600256408782661,-3.552713678800501e-15,-1.4424017535930034e-12
89,2.0,100.0,10.0,-0.05388095846320564,0.0,-4.618527782440651e-14
90,3.0,20.0,5.999999999971874,0.003917086273124837,0.10455857920547373,0.18801224833682006
91,3.0,20.0,7.0,-0.15427910987696958,4.371614181764016e-12,-6.288303211476887e-13
92,3.0,20.0,8.0,-0.01671319213542076,-7.815970093361102e-14,1.9184653865522705e-13
93,3.0,20.0,9.0,-0.0022227916109388204,7.105427357601002e-15,-2.902371676327675e-10
94,3.0,20.0,10.0,-0.0009437752270952357,-1.7763568394002505e-15,-4.293454480830405e-12
95,3.0,30.0,6.000000000000001,0.13767584056553525,-8.526512829121202e-14,1.5976020506514033e-10
96,3.0,30.0,7.0,-0.12184870144726807,1.41806566489322e-11,-7.105427357601002e-15
97,3.0,30.0,8.0,-0.013251742649101167,5.329070518200751e-15,3.5420555377640994e-12
98,3.0,30.0,9.0,-0.0017937402677986132,1.7763568394002505e-15,-5.522604595853409e-10
99,3.0,30.0,10.0,-0.0017569012660345112,-1.7763568394002505e-15,5.5351279115711804e-12
100,3.0,40.0,5.999999999999999,0.1129324870889646,1.3073986337985843e-12,-7.44364569982281e-11
101,3.0,40.0,7.0,-0.09918354379672648,8.419931418757187e-13,2.38415509556944e-10
102,3.0,40.0,8.0,-0.01064510125483838,1.2434497875801753e-14,4.721414370578714e-10
103,3.0,40.0,9.0,-0.0015876433610811315,-1.7763568394002505e-15,-6.864375734494388e-11
104,3.0,40.0,10.0,-0.0034426328756102984,-1.7763568394002505e-15,-2.34123831432953e-12
105,3.0,50.0,6.0,0.09614462883714188,-1.0658141036401503e-14,-1.2434497875801753e-12
106,3.0,50.0,6.999999999999998,-0.08280913957195381,-1.0835776720341528e-13,-2.9608848706175195e-10
107,3.0,50.0,8.000000000000002,-0.00865780420687786,3.552713678800501e-15,2.2434321067521523e-10
108,3.0,50.0,9.0,-0.0016371140440423393,0.0,-6.252065531953122e-11
109,3.0,50.0,10.0,-0.006643702142835837,0.0,-1.0604850331219495e-12
110,3.0,60.0,6.000000000000001,0.08578925289702577,-4.4586556668946287e-13,-6.66844357510854e-12
111,3.0,60.0,7.0,-0.07066488665570217,3.4994229736184934e-13,5.329070518200751e-15
112,3.0,60.0,8.0,-0.007145287180932995,7.283063041541027e-14,1.687538997430238e-13
113,3.0,60.0,9.0,-0.002027585937892318,-1.7763568394002505e-15,-7.412737090817245e-11
114,3.0,60.0,10.0,-0.01231655031521413,0.0,-3.9612757518625585e-13
115,3.0,70.0,5.999999999999999,0.08154802383174936,-2.5579538487363607e-13,2.6420110543767805e-10
116,3.0,70.0,6.999999999999984,-0.0614788169044932,6.45350439754111e-12,-5.329070518200751e-15
117,3.0,70.0,8.0,-0.006017933150239057,-3.552713678800501e-15,2.5070967524243315e-10
118,3.0,70.0,9.0,-0.002912676637855777,-1.7763568394002505e-15,1.9330137490669586e-10
119,3.0,70.0,10.000000000000002,-0.021694625830497638,-1.7763568394002505e-15,-9.71667191151937e-13
120,3.0,80.0,6.000000000000002,0.08394083452225118,8.881784197001252e-15,7.683098601773963e-11
121,3.0,80.0,6.999999999999992,-0.054438455820678036,3.68949315543432e-12,-5.329070518200751e-15
122,3.0,80.0,8.0,-0.005225019683055113,-1.5987211554602254e-14,9.609912865471415e-11
123,3.0,80.0,9.0,-0.004531249735428045,0.0,1.2957102057953307e-10
124,3.0,80.0,10.0,-0.03601442683926392,0.0,6.061640078769415e-11
125,3.0,90.0,6.000000000000001,0.09388120094737477,3.197442310920451e-14,-1.3695711231775931e-12
126,3.0,90.0,6.999999999999998,-0.04900989397576607,3.232969447708456e-13,-1.7763568394002505e-15
127,3.0,90.0,8.000000000000002,-0.004747978118648326,-3.552713678800501e-14,1.857412001982084e-10
128,3.0,90.0,9.0,-0.007219033079762616,0.0,2.389057840446185e-10
129,3.0,90.0,10.0,-0.05592385046669968,0.0,-3.161915174132446e-13
130,3.0,100.0,5.999999999999999,0.11199105861206583,-3.1086244689504383e-13,-4.217959315155895e-11
131,3.0,100.0,6.999999999999986,-0.04483475595223568,3.3590907833058736e-12,-1.7763568394002505e-15
132,3.0,100.0,8.000000000000016,-0.004598188616374363,1.3145040611561853e-13,5.782219147931755e-10
133,3.0,100.0,9.0,-0.011400384613335143,-1.7763568394002505e-15,4.854072699345124e-10
134,3.0,100.0,10.0,-0.0808214376948381,0.0,-9.237055564881302e-14
135,4.0,20.0,6.000000000000573,0.005222781697336902,0.1394114389831831,0.25068299986681986
136,4.0,20.0,7.0,-0.2057054799115678,9.965361869035405e-12,-1.545430450278218e-13
137,4.0,20.0,8.0,-0.022284256180600585,-6.927791673660977e-14,5.346834086594754e-13
138,4.0,20.0,9.0,-0.0029637221479191025,7.105427357601002e-15,-9.928555755323032e-10
139,4.0,20.0,10.0,-0.0012583669694636367,0.0,-4.9116266609416925e-12
140,4.0,30.0,6.0,0.18356778742053217,3.552713678800501e-15,1.1403873401150122e-09
141,4.0,30.0,6.999999999999998,-0.1624649352753959,3.034905660115328e-11,-1.7053025658242404e-13
142,4.0,30.0,8.0,-0.01766899019863308,-1.7053025658242404e-13,1.4781065260649484e-11
143,4.0,30.0,9.0,-0.002391653690398355,1.7763568394002505e-15,-1.2734702181660396e-10
144,4.0,30.0,10.0,-0.0023425350213841295,0.0,-3.844036200462142e-12
145,4.0,40.0,5.999999999999999,0.15057664945474994,-1.4210854715202004e-14,2.844231516974105e-10
146,4.0,40.0,7.0,-0.13224472506826712,6.6986416413783445e-12,-7.585043704239069e-13
147,4.0,40.0,8.0,-0.01419346833987587,8.348877145181177e-14,4.295230837669806e-12
148,4.0,40.0,9.0,-0.002116857814778072,-1.7763568394002505e-15,-4.890328142437284e-10
149,4.0,40.0,10.0,-0.004590177167480043,0.0,-2.1671553440683056e-12
150,4.0,50.0,6.000000000000001,0.1281928384494953,1.2434497875801753e-14,3.813838134192338e-10
151,4.0,50.0,7.0,-0.11041218610243726,5.943689984633238e-12,-4.405364961712621e-13
152,4.0,50.0,8.0,-0.011543738942512805,5.329070518200751e-15,3.197442310920451e-14
153,4.0,50.0,9.0,-0.0021828187253928578,-1.7763568394002505e-15,-1.5522694241099089e-10
154,4.0,50.0,10.0,-0.008858269523780743,0.0,-5.293543381412746e-13
155,4.0,60.0,6.000000000000001,0.11438567052864419,-1.1723955140041653e-13,-3.168665330122167e-11
156,4.0,60.0,7.0,-0.09421984887763628,3.625544309215911e-12,-1.2434497875801753e-14
157,4.0,60.0,8.0,-0.009527049574489278,1.7763568394002505e-14,9.14823772291129e-13
158,4.0,60.0,9.0,-0.0027034479171834432,-1.7763568394002505e-15,-2.4497737172168854e-11
159,4.0,60.0,10.0,-0.016422067086945363,-1.7763568394002505e-15,-6.217248937900877e-14
160,4.0,70.0,5.999999999999999,0.10873069844191265,-6.394884621840902e-14,2.339604066037282e-10
161,4.0,70.0,7.0,-0.08197175588712872,2.1682211581719457e-11,-4.973799150320701e-14
162,4.0,70.0,8.0,-0.00802391086692969,-5.3290705182007514e-14,4.1389114358025836e-13
163,4.0,70.0,9.0,-0.0038835688504709593,0.0,-6.323830348264892e-12
164,4.0,70.0,10.0,-0.02892616777406851,0.0,2.1884716261411086e-12
165,4.0,80.0,6.000000000000001,0.11192111269634372,7.105427357601002e-15,1.1605116867485776e-10
166,4.0,80.0,7.0,-0.07258460775679239,1.0977885267493548e-12,-2.842170943040401e-14
167,4.0,80.0,8.0,-0.0069666929106813056,-5.684341886080802e-14,2.220446049250313e-13
168,4.0,80.0,8.999999999999998,-0.006041666313872484,-3.552713678800501e-15,-1.3027801060161437e-11
169,4.0,80.0,10.0,-0.048019235785825086,0.0,-4.867217739956686e-13
170,4.0,90.0,6.000000000000001,0.12517493460423934,-4.757083615913871e-12,2.823377087679546e-10
171,4.0,90.0,7.0,-0.06534652530086779,2.913225216616411e-13,-8.881784197001252e-15
172,4.0,90.0,8.0,-0.006330637491592288,-3.552713678800501e-15,6.927791673660977e-14
173,4.0,90.0,9.0,-0.00962537743968133,0.0,-3.6344260934129125e-12
174,4.0,90.0,10.0,-0.07456513395555234,0.0,7.73354713601293e-11
175,4.0,100.0,6.0,0.1493214114852037,-1.9984014443252818e-12,5.011990822367807e-11
176,4.0,100.0,7.0,-0.059779674598786435,7.513989430663059e-13,-7.105427357601002e-15
177,4.0,100.0,8.0,-0.00613091815514413,8.881784197001252e-15,3.730349362740526e-14
178,4.0,100.0,9.0,-0.015200512817112844,0.0,-7.242206834234821e-12
179,4.0,100.0,10.0,-0.10776191692645723,0.0,-7.809752844423201e-11
180,5.0,20.0,5.999999999822814,0.006528477121410724,0.1742642983978957,0.3133537487168372
181,5.0,20.0,7.0,-0.25713184932868444,5.757172516496212e-12,-4.600764214046649e-13
182,5.0,20.0,7.999999999999998,-0.02785532022576436,-7.638334409421077e-14,9.841016890277388e-13
183,5.0,20.0,9.0,-0.00370465268490135,1.7763568394002505e-15,-5.372680078608028e-10
184,5.0,20.0,10.0,-0.0015729587118357233,0.0,-9.730882766234572e-12
185,5.0,30.0,6.0,0.22945973427632566,-3.8546943414985435e-13,4.462918923309189e-11
186,5.0,30.0,7.0,-0.20308116905349444,1.7763568394002505e-15,1.4210854715202004e-14
187,5.0,30.0,8.0,-0.022086237748022805,-4.920508445138694e-13,2.525979425627156e-12
188,5.0,30.0,9.0,-0.0029895671129981866,1.7763568394002505e-15,-3.6910208223162044e-10
189,5.0,30.0,10.0,-0.0029281687767264654,0.0,-6.162181875879469e-12
190,5.0,40.0,5.999999999999998,0.18822081181760203,5.329070518200751e-13,4.008544607358999e-10
191,5.0,40.0,6.999999999999998,-0.16530590632729047,8.473222123939195e-13,-2.5014958993097025e-09
192,5.0,40.0,8.0,-0.01774183542453996,-1.971756091734278e-13,2.0580319670671088e-09
193,5.0,40.0,9.0,-0.0026460722684752405,0.0,-2.2181190217906988e-10
194,5.0,40.0,10.0,-0.005737721459349743,0.0,-5.568878691519785e-12
195,5.0,50.0,6.0,0.16024104806188572,8.881784197001252e-15,1.5441052880760253e-09
196,5.0,50.0,6.999999999999994,-0.13801523262542661,4.980904577678302e-12,-1.0658141036401503e-14
197,5.0,50.0,8.0,-0.014429673678133338,-1.0658141036401503e-14,1.6128574031881726e-09
198,5.0,50.0,9.0,-0.0027285234067361865,0.0,-1.3673506771283428e-10
199,5.0,50.0,10.000000000000002,-0.011072836904725927,0.0,-4.4231285301066237e-13
200,5.0,60.0,6.000000000000001,0.14298208816308663,-1.5862866575844237e-12,1.3019985090068076e-10
201,5.0,60.0,6.999999999999975,-0.117774811130851,3.560884920261742e-11,-5.587423856923124e-10
202,5.0,60.0,8.0,-0.011908811968053483,-4.618527782440651e-14,1.6697754290362354e-13
203,5.0,60.0,9.000000000000002,-0.0033793098964851613,0.0,-1.84368076361352e-11
204,5.0,60.0,10.0,-0.020527583858680323,-1.7763568394002505e-15,7.371880883511039e-13
205,5.0,70.0,5.999999999999999,0.13591337305362675,-8.72191208145523e-13,1.4519052626837947e-10
206,5.0,70.0,6.999999999999977,-0.10246469484975432,1.893596390800667e-11,-1.5675798437086996e-09
207,5.0,70.0,8.0,-0.010029888583752094,1.4210854715202004e-14,1.9104007265013934e-10
208,5.0,70.0,9.000000000000002,-0.004854461063093251,0.0,3.2091129753553105e-10
209,5.0,70.0,10.0,-0.03615770971751858,-1.7763568394002505e-15,-2.717825964282383e-13
210,5.0,80.0,6.000000000000001,0.1399013908704097,2.4868995751603507e-14,8.787086613892825e-10
211,5.0,80.0,6.999999999999998,-0.09073075969496765,3.979039320256561e-13,-3.552713678800501e-15
212,5.0,80.0,8.0,-0.008708366138441542,3.552713678800501e-15,1.652011860642233e-13
213,5.0,80.0,9.000000000000002,-0.0075520828923797394,-1.7763568394002505e-15,2.2308732638975926e-10
214,5.0,80.0,10.0,-0.06002404473225236,0.0,-2.753353101070388e-13
215,5.0,90.0,6.0,0.1564686682456576,3.907985046680551e-14,1.5139001163788635e-10
216,5.0,90.0,7.0,-0.08168315663415625,7.73248132190929e-12,-3.552713678800501e-15
217,5.0,90.0,8.0,-0.007913296864497285,-5.329070518200751e-15,1.8317081185159623e-10
218,5.0,90.0,9.0,-0.012031721799603384,0.0,3.5073277615538245e-10
219,5.0,90.0,10.0,-0.09320641744451115,-1.7763568394002505e-15,-2.1316282072803006e-13
220,5.0,100.0,6.0,0.18665176435271025,-3.552713678800501e-14,2.225775119768514e-12
221,5.0,100.0,7.0,-0.07472459325108198,3.2951419370874646e-12,-3.552713678800501e-15
222,5.0,100.0,8.0,-0.0076636476938777495,-4.796163466380676e-14,9.88531922985203e-10
223,5.0,100.0,9.0,-0.019000641022222355,-3.552713678800501e-15,9.394263145168225e-11
224,5.0,100.0,10.0,-0.13470239615804336,0.0,-1.0835776720341528e-13
225,6.0,20.0,5.99999999998243,0.007834172546563524,0.2091171584336866,0.37602449888449563
226,6.0,20.0,7.0,-0.3085582198196316,3.4226843581564026e-11,-8.171241461241152e-14
227,6.0,20.0,8.0,-0.03342638427062637,-3.907985046680551e-13,1.2301271112846734e-11
228,6.0,20.0,9.0,-0.004445583221881465,3.552713678800501e-15,-1.6682175640880814e-09
229,6.0,20.0,10.0,-0.0018875504542073336,0.0,-2.133759835487581e-11
230,6.0,30.0,6.0,0.2753516811255208,3.2667202276570606e-12,3.567741657661827e-10
231,6.0,30.0,7.0,-0.2436974028631097,-9.254819133275305e-13,3.375077994860476e-14
232,6.0,30.0,8.0,-0.02650348529828492,9.592326932761353e-14,7.468869966942293e-11
233,6.0,30.0,9.0,-0.0035874805355898564,0.0,-4.6353498817097716e-10
234,6.0,30.0,10.0,-0.0035138025320728536,0.0,-4.479971948967432e-12
235,6.0,40.0,6.0,0.2258649741812712,5.240252676230739e-13,1.0749445777946676e-09
236,6.0,40.0,7.000000000000001,-0.1983670875965999,4.618527782440651e-12,-1.4086509736443986e-12
237,6.0,40.0,8.0,-0.021290202510012922,3.4638958368304884e-13,3.126388037344441e-13
238,6.0,40.0,9.0,-0.003175286722165246,0.0,-3.729443420752432e-10
239,6.0,40.0,10.0,-0.006885265751212655,0.0,-7.533529355896462e-12
240,6.0,50.0,5.999999999999999,0.19228925767425042,1.0658141036401503e-14,4.5200643228326953e-10
241,6.0,50.0,6.999999999999992,-0.16561827915452804,9.743317264110374e-12,-3.552713678800501e-14
242,6.0,50.0,8.0,-0.01731560841349923,-2.753353101070388e-13,3.6770586575585185e-13
243,6.0,50.0,9.0,-0.0032742280880834534,0.0,-2.000319909711834e-10
244,6.0,50.0,10.0,-0.013287404285670962,-1.7763568394002505e-15,-6.163958232718869e-13
245,6.0,60.0,6.000000000000002,0.17157850579600348,-2.0836665726164938e-12,-1.9687362851072976e-11
246,6.0,60.0,6.999999999999995,-0.1413297733143466,3.4567904094728874e-12,0.0
247,6.0,60.0,7.999999999999998,-0.0142905743617041,-1.2434497875801753e-14,1.2206200494802033e-09
248,6.0,60.0,9.0,-0.004055171875784218,0.0,-2.4082069671749196e-11
249,6.0,60.0,10.0,-0.02463310063042,0.0,-1.801225835151854e-12
250,6.0,70.0,5.999999999999998,0.1630960476635238,-5.169198402654729e-13,1.6987833362236415e-10
251,6.0,70.0,6.999999999999995,-0.1229576337975209,2.2311041902867146e-12,-3.552713678800501e-15
252,6.0,70.0,8.0,-0.012035866300506822,1.7763568394002505e-14,2.3170265706085047e-10
253,6.0,70.0,9.0,-0.005825353275714452,0.0,-1.2422063377925951e-11
254,6.0,70.0,10.000000000000002,-0.04338925166100825,-1.7763568394002505e-15,-8.490985692333197e-13
255,6.0,80.0,6.0,0.16788166904451587,8.881784197001252e-15,2.3785773350937234e-10
256,6.0,80.0,7.0,-0.1088769116346883,1.1723955140041653e-12,-4.440892098500626e-14
257,6.0,80.0,8.0,-0.010450039366128133,1.7763568394002505e-15,8.419931418757187e-13
258,6.0,80.0,9.0,-0.009062499470852522,0.0,-1.9660717498481972e-11
259,6.0,80.0,10.0,-0.07202885367840202,7.105427357601002e-15,-1.29671917648011e-09
260,6.0,90.0,5.999999999999999,0.187762401894821,2.6645352591003757e-14,1.2679457483955048e-10
261,6.0,90.0,6.9999999999999885,-0.09801978796241857,1.0611955758577096e-11,1.7763568394002505e-15
262,6.0,90.0,8.0,-0.0094959562374054,1.7763568394002505e-15,-1.5351986348832725e-10
263,6.0,90.0,9.0,-0.014438066159524436,0.0,-4.689937327384541e-11
264,6.0,90.0,10.0,-0.11184770093339653,-1.7763568394002505e-15,-6.750155989720952e-13
265,6.0,100.0,6.0,0.22398211722682193,-2.3661073100811336e-12,3.5082692306787067e-10
266,6.0,100.0,6.999999999999992,-0.0896695118995658,2.3856472353145364e-12,0.0
267,6.0,100.0,8.000000000000004,-0.009196377232594342,-7.815970093361102e-14,-5.329070518200751e-15
268,6.0,100.0,9.0,-0.022800769226618573,-1.7763568394002505e-15,-1.3752554650636739e-11
269,6.0,100.0,10.0,-0.16164287538962258,-1.7763568394002505e-15,-4.956035581926699e-13
270,7.0,20.0,5.999999999988367,0.00913986796996327,0.24397001818748798,0.4386952471604779
271,7.0,20.0,7.0,-0.3599845900525219,2.5269208947520383e-10,-7.815970093361102e-14
272,7.0,20.0,8.0,-0.038997448315932985,-2.6645352591003757e-13,2.8492763703980017e-12
273,7.0,20.0,9.0,-0.00518651375886022,-1.7763568394002505e-15,-1.2225420675804344e-09
274,7.0,20.0,10.0,-0.0022021421965722167,0.0,-7.554845637969265e-12
275,7.0,30.0,6.0,0.3212436279872529,-7.425171588693047e-13,8.363851833337321e-10
276,7.0,30.0,7.0,-0.2843136368006201,1.1617018458309758e-10,-4.440892098500626e-13
277,7.0,30.0,8.000000000000002,-0.030920732847816167,-1.0125233984581428e-13,9.912071163853398e-13
278,7.0,30.0,9.0,-0.004185393958193408,3.552713678800501e-15,-3.108020507625042e-10
279,7.0,30.0,10.0,-0.004099436287421771,0.0,-4.636291350834654e-12
280,7.0,40.0,6.0,0.2635091365447378,6.590283874174929e-13,7.113420963378303e-10
281,7.0,40.0,7.0,-0.23142826887053727,1.2718714970105793e-11,-1.616484723854228e-13
282,7.0,40.0,8.0,-0.0248385695944006,-2.184918912462308e-13,3.1175062531474396e-12
283,7.0,40.0,9.0,-0.003704501175861456,0.0,-1.7533707818984112e-10
284,7.0,40.0,10.0,-0.00803281004308692,0.0,-6.306066779870889e-12
285,7.0,50.0,6.0,0.22433746728655238,9.947598300641403e-14,5.74820191445724e-10
286,7.0,50.0,7.0,-0.19322132571958164,4.780176254826074e-11,-2.403410803708539e-12
287,7.0,50.0,8.0,-0.02020154314938015,-1.7763568394002505e-14,1.184830011879967e-12
288,7.0,50.0,9.000000000000002,-0.003819932769437595,-1.7763568394002505e-15,-7.02460312140829e-11
289,7.0,50.0,10.0,-0.015501971666616798,0.0,3.678835014397919e-12
290,7.0,60.0,6.000000000000001,0.20017492342896953,-2.581046487648564e-12,-4.2366110619695974e-11
291,7.0,60.0,7.000000000000001,-0.16488473558676325,5.3077542361279484e-11,-1.3322676295501878e-13
292,7.0,60.0,8.0,-0.01667233675524234,-9.414691248821327e-14,1.3855583347321954e-12
293,7.0,60.0,9.0,-0.0047310338550777325,0.0,-2.0477841644606087e-10
294,7.0,60.0,10.0,-0.028738617402158825,0.0,-2.8528290840768022e-12
295,7.0,70.0,5.999999999999999,0.19027872227971382,-4.092726157978177e-12,5.547615700152164e-10
296,7.0,70.0,7.0,-0.14345057277437037,1.2468248655750358e-11,-8.171241461241152e-14
297,7.0,70.0,8.0,-0.014041844017239435,5.329070518200751e-15,1.2434497875801753e-14
298,7.0,70.0,9.0,-0.006796245488322955,-1.7763568394002505e-15,-4.348343907167873e-11
299,7.0,70.0,10.000000000000004,-0.050620793604562155,0.0,6.572520305780927e-14
300,7.0,80.0,6.0,0.19586194721929562,-4.3520742565306136e-13,-8.220979452744359e-12
301,7.0,80.0,7.0,-0.1270230635769321,4.266809128239402e-12,-8.348877145181177e-14
302,7.0,80.0,8.0,-0.012191712593811493,-1.0658141036401503e-14,-7.105427357601002e-15
303,7.0,80.0,9.0,-0.010572916049327629,0.0,-2.2593482640331786e-11
304,7.0,80.0,10.0,-0.08403366262494548,-1.7763568394002505e-15,-1.4814816040598089e-12
305,7.0,90.0,6.0,0.2190561355445979,-3.872457909892546e-13,1.6351364706679306e-10
306,7.0,90.0,7.0,-0.1143564192927258,1.5132783914850734e-11,-7.105427357601002e-15
307,7.0,90.0,8.0,-0.011078615610203284,-6.572520305780927e-14,5.684341886080802e-14
308,7.0,90.0,9.0,-0.016844410519443718,0.0,-2.3957724692991178e-11
309,7.0,90.0,10.0,-0.1304889844220224,0.0,9.36140054363932e-12
310,7.0,100.0,5.999999999999999,0.26131247009772934,-2.602362769721367e-12,2.2011548139744264e-10
311,7.0,100.0,7.0,-0.10461443054646019,3.552713678800501e-15,-8.881784197001252e-15
312,7.0,100.0,8.000000000000004,-0.010729106771395812,-6.927791673660977e-14,8.881784197001252e-15
313,7.0,100.0,9.0,-0.026600897431024312,-1.7763568394002505e-15,-1.7553958286953275e-11
314,7.0,100.0,10.0,-0.18858335462118994,-1.7763568394002505e-15,-4.334310688136611e-13
