# Temperature,Flow,Enthalpy,Vap Pressure,Osmotic Pressure,Diffusivity,Density,Viscosity
2.931500e+02,1.000000e-02,8.364000e+04,1.948394e+04,8.644036e+05,1.471871e-09,1.000000e+03,1.055250e-03
2.931500e+02,2.041667e-02,8.364000e+04,1.941952e+04,1.764824e+06,1.471871e-09,1.000000e+03,1.055250e-03
2.931500e+02,3.083333e-02,8.364000e+04,1.935553e+04,2.665244e+06,1.471871e-09,1.000000e+03,1.055250e-03
2.931500e+02,4.125000e-02,8.364000e+04,1.929196e+04,3.565665e+06,1.471871e-09,1.000000e+03,1.055250e-03
2.931500e+02,5.166667e-02,8.364000e+04,1.922881e+04,4.466085e+06,1.471871e-09,1.000000e+03,1.055250e-03
2.931500e+02,6.208333e-02,8.364000e+04,1.916607e+04,5.366506e+06,1.471871e-09,1.000000e+03,1.055250e-03
2.931500e+02,7.250000e-02,8.364000e+04,1.910373e+04,6.266926e+06,1.471871e-09,1.000000e+03,1.055250e-03
2.931500e+02,8.291667e-02,8.364000e+04,1.904180e+04,7.167346e+06,1.471871e-09,1.000000e+03,1.055250e-03
2.931500e+02,9.333333e-02,8.364000e+04,1.898027e+04,8.067767e+06,1.471871e-09,1.000000e+03,1.055250e-03
2.931500e+02,1.037500e-01,8.364000e+04,1.891914e+04,8.968187e+06,1.471871e-09,1.000000e+03,1.055250e-03
2.931500e+02,1.141667e-01,8.364000e+04,1.885840e+04,9.868608e+06,1.471871e-09,1.000000e+03,1.055250e-03
2.931500e+02,1.245833e-01,8.364000e+04,1.879805e+04,1.076903e+07,1.471871e-09,1.000000e+03,1.055250e-03
2.931500e+02,1.350000e-01,8.364000e+04,1.873808e+04,1.166945e+07,1.471871e-09,1.000000e+03,1.055250e-03
2.931500e+02,1.454167e-01,8.364000e+04,1.867850e+04,1.256987e+07,1.471871e-09,1.000000e+03,1.055250e-03
2.931500e+02,1.558333e-01,8.364000e+04,1.861929e+04,1.347029e+07,1.471871e-09,1.000000e+03,1.055250e-03
2.931500e+02,1.662500e-01,8.364000e+04,1.856046e+04,1.437071e+07,1.471871e-09,1.000000e+03,1.055250e-03
2.931500e+02,1.766667e-01,8.364000e+04,1.850199e+04,1.527113e+07,1.471871e-09,1.000000e+03,1.055250e-03
2.931500e+02,1.870833e-01,8.364000e+04,1.844390e+04,1.617155e+07,1.471871e-09,1.000000e+03,1.055250e-03
2.931500e+02,1.975000e-01,8.364000e+04,1.838617e+04,1.707197e+07,1.471871e-09,1.000000e+03,1.055250e-03
2.931500e+02,2.079167e-01,8.364000e+04,1.832880e+04,1.797239e+07,1.471871e-09,1.000000e+03,1.055250e-03
2.931500e+02,2.183333e-01,8.364000e+04,1.827178e+04,1.887281e+07,1.471871e-09,1.000000e+03,1.055250e-03
2.931500e+02,2.287500e-01,8.364000e+04,1.821512e+04,1.977323e+07,1.471871e-09,1.000000e+03,1.055250e-03
2.931500e+02,2.391667e-01,8.364000e+04,1.815881e+04,2.067365e+07,1.471871e-09,1.000000e+03,1.055250e-03
2.931500e+02,2.495833e-01,8.364000e+04,1.810285e+04,2.157407e+07,1.471871e-09,1.000000e+03,1.055250e-03
2.931500e+02,2.600000e-01,8.364000e+04,1.804723e+04,2.247449e+07,1.471871e-09,1.000000e+03,1.055250e-03
2.985667e+02,1.000000e-02,1.062925e+05,2.253998e+04,8.803756e+05,1.471871e-09,1.000000e+03,1.055250e-03
2.985667e+02,2.041667e-02,1.062925e+05,2.246546e+04,1.797433e+06,1.471871e-09,1.000000e+03,1.055250e-03
2.985667e+02,3.083333e-02,1.062925e+05,2.239144e+04,2.714491e+06,1.471871e-09,1.000000e+03,1.055250e-03
2.985667e+02,4.125000e-02,1.062925e+05,2.231790e+04,3.631549e+06,1.471871e-09,1.000000e+03,1.055250e-03
2.985667e+02,5.166667e-02,1.062925e+05,2.224484e+04,4.548607e+06,1.471871e-09,1.000000e+03,1.055250e-03
2.985667e+02,6.208333e-02,1.062925e+05,2.217225e+04,5.465665e+06,1.471871e-09,1.000000e+03,1.055250e-03
2.985667e+02,7.250000e-02,1.062925e+05,2.210014e+04,6.382723e+06,1.471871e-09,1.000000e+03,1.055250e-03
2.985667e+02,8.291667e-02,1.062925e+05,2.202850e+04,7.299781e+06,1.471871e-09,1.000000e+03,1.055250e-03
2.985667e+02,9.333333e-02,1.062925e+05,2.195732e+04,8.216839e+06,1.471871e-09,1.000000e+03,1.055250e-03
2.985667e+02,1.037500e-01,1.062925e+05,2.188660e+04,9.133896e+06,1.471871e-09,1.000000e+03,1.055250e-03
2.985667e+02,1.141667e-01,1.062925e+05,2.181633e+04,1.005095e+07,1.471871e-09,1.000000e+03,1.055250e-03
2.985667e+02,1.245833e-01,1.062925e+05,2.174651e+04,1.096801e+07,1.471871e-09,1.000000e+03,1.055250e-03
2.985667e+02,1.350000e-01,1.062925e+05,2.167714e+04,1.188507e+07,1.471871e-09,1.000000e+03,1.055250e-03
2.985667e+02,1.454167e-01,1.062925e+05,2.160821e+04,1.280213e+07,1.471871e-09,1.000000e+03,1.055250e-03
2.985667e+02,1.558333e-01,1.062925e+05,2.153972e+04,1.371919e+07,1.471871e-09,1.000000e+03,1.055250e-03
2.985667e+02,1.662500e-01,1.062925e+05,2.147166e+04,1.463624e+07,1.471871e-09,1.000000e+03,1.055250e-03
2.985667e+02,1.766667e-01,1.062925e+05,2.140402e+04,1.555330e+07,1.471871e-09,1.000000e+03,1.055250e-03
2.985667e+02,1.870833e-01,1.062925e+05,2.133682e+04,1.647036e+07,1.471871e-09,1.000000e+03,1.055250e-03
2.985667e+02,1.975000e-01,1.062925e+05,2.127003e+04,1.738742e+07,1.471871e-09,1.000000e+03,1.055250e-03
2.985667e+02,2.079167e-01,1.062925e+05,2.120366e+04,1.830448e+07,1.471871e-09,1.000000e+03,1.055250e-03
2.985667e+02,2.183333e-01,1.062925e+05,2.113770e+04,1.922153e+07,1.471871e-09,1.000000e+03,1.055250e-03
2.985667e+02,2.287500e-01,1.062925e+05,2.107215e+04,2.013859e+07,1.471871e-09,1.000000e+03,1.055250e-03
2.985667e+02,2.391667e-01,1.062925e+05,2.100701e+04,2.105565e+07,1.471871e-09,1.000000e+03,1.055250e-03
2.985667e+02,2.495833e-01,1.062925e+05,2.094227e+04,2.197271e+07,1.471871e-09,1.000000e+03,1.055250e-03
2.985667e+02,2.600000e-01,1.062925e+05,2.087793e+04,2.288976e+07,1.471871e-09,1.000000e+03,1.055250e-03
3.039833e+02,1.000000e-02,1.289450e+05,2.590382e+04,8.963475e+05,1.471871e-09,1.000000e+03,1.055250e-03
3.039833e+02,2.041667e-02,1.289450e+05,2.581819e+04,1.830043e+06,1.471871e-09,1.000000e+03,1.055250e-03
3.039833e+02,3.083333e-02,1.289450e+05,2.573311e+04,2.763738e+06,1.471871e-09,1.000000e+03,1.055250e-03
3.039833e+02,4.125000e-02,1.289450e+05,2.564859e+04,3.697434e+06,1.471871e-09,1.000000e+03,1.055250e-03
3.039833e+02,5.166667e-02,1.289450e+05,2.556463e+04,4.631129e+06,1.471871e-09,1.000000e+03,1.055250e-03
3.039833e+02,6.208333e-02,1.289450e+05,2.548122e+04,5.564824e+06,1.471871e-09,1.000000e+03,1.055250e-03
3.039833e+02,7.250000e-02,1.289450e+05,2.539834e+04,6.498520e+06,1.471871e-09,1.000000e+03,1.055250e-03
3.039833e+02,8.291667e-02,1.289450e+05,2.531601e+04,7.432215e+06,1.471871e-09,1.000000e+03,1.055250e-03
3.039833e+02,9.333333e-02,1.289450e+05,2.523421e+04,8.365910e+06,1.471871e-09,1.000000e+03,1.055250e-03
3.039833e+02,1.037500e-01,1.289450e+05,2.515293e+04,9.299606e+06,1.471871e-09,1.000000e+03,1.055250e-03
3.039833e+02,1.141667e-01,1.289450e+05,2.507218e+04,1.023330e+07,1.471871e-09,1.000000e+03,1.055250e-03
3.039833e+02,1.245833e-01,1.289450e+05,2.499194e+04,1.116700e+07,1.471871e-09,1.000000e+03,1.055250e-03
3.039833e+02,1.350000e-01,1.289450e+05,2.491222e+04,1.210069e+07,1.471871e-09,1.000000e+03,1.055250e-03
3.039833e+02,1.454167e-01,1.289450e+05,2.483300e+04,1.303439e+07,1.471871e-09,1.000000e+03,1.055250e-03
3.039833e+02,1.558333e-01,1.289450e+05,2.475428e+04,1.396808e+07,1.471871e-09,1.000000e+03,1.055250e-03
3.039833e+02,1.662500e-01,1.289450e+05,2.467606e+04,1.490178e+07,1.471871e-09,1.000000e+03,1.055250e-03
3.039833e+02,1.766667e-01,1.289450e+05,2.459834e+04,1.583547e+07,1.471871e-09,1.000000e+03,1.055250e-03
3.039833e+02,1.870833e-01,1.289450e+05,2.452110e+04,1.676917e+07,1.471871e-09,1.000000e+03,1.055250e-03
3.039833e+02,1.975000e-01,1.289450e+05,2.444435e+04,1.770286e+07,1.471871e-09,1.000000e+03,1.055250e-03
3.039833e+02,2.079167e-01,1.289450e+05,2.436807e+04,1.863656e+07,1.471871e-09,1.000000e+03,1.055250e-03
3.039833e+02,2.183333e-01,1.289450e+05,2.429227e+04,1.957025e+07,1.471871e-09,1.000000e+03,1.055250e-03
3.039833e+02,2.287500e-01,1.289450e+05,2.421694e+04,2.050395e+07,1.471871e-09,1.000000e+03,1.055250e-03
3.039833e+02,2.391667e-01,1.289450e+05,2.414207e+04,2.143765e+07,1.471871e-09,1.000000e+03,1.055250e-03
3.039833e+02,2.495833e-01,1.289450e+05,2.406767e+04,2.237134e+07,1.471871e-09,1.000000e+03,1.055250e-03
3.039833e+02,2.600000e-01,1.289450e+05,2.399373e+04,2.330504e+07,1.471871e-09,1.000000e+03,1.055250e-03
3.094000e+02,1.000000e-02,1.515975e+05,2.958681e+04,9.123195e+05,1.471871e-09,1.000000e+03,1.055250e-03
3.094000e+02,2.041667e-02,1.515975e+05,2.948899e+04,1.862652e+06,1.471871e-09,1.000000e+03,1.055250e-03
3.094000e+02,3.083333e-02,1.515975e+05,2.939182e+04,2.812985e+06,1.471871e-09,1.000000e+03,1.055250e-03
3.094000e+02,4.125000e-02,1.515975e+05,2.929529e+04,3.763318e+06,1.471871e-09,1.000000e+03,1.055250e-03
3.094000e+02,5.166667e-02,1.515975e+05,2.919939e+04,4.713651e+06,1.471871e-09,1.000000e+03,1.055250e-03
3.094000e+02,6.208333e-02,1.515975e+05,2.910411e+04,5.663984e+06,1.471871e-09,1.000000e+03,1.055250e-03
3.094000e+02,7.250000e-02,1.515975e+05,2.900946e+04,6.614317e+06,1.471871e-09,1.000000e+03,1.055250e-03
3.094000e+02,8.291667e-02,1.515975e+05,2.891542e+04,7.564649e+06,1.471871e-09,1.000000e+03,1.055250e-03
3.094000e+02,9.333333e-02,1.515975e+05,2.882198e+04,8.514982e+06,1.471871e-09,1.000000e+03,1.055250e-03
3.094000e+02,1.037500e-01,1.515975e+05,2.872915e+04,9.465315e+06,1.471871e-09,1.000000e+03,1.055250e-03
3.094000e+02,1.141667e-01,1.515975e+05,2.863692e+04,1.041565e+07,1.471871e-09,1.000000e+03,1.055250e-03
3.094000e+02,1.245833e-01,1.515975e+05,2.854527e+04,1.136598e+07,1.471871e-09,1.000000e+03,1.055250e-03
3.094000e+02,1.350000e-01,1.515975e+05,2.845421e+04,1.231631e+07,1.471871e-09,1.000000e+03,1.055250e-03
3.094000e+02,1.454167e-01,1.515975e+05,2.836373e+04,1.326665e+07,1.471871e-09,1.000000e+03,1.055250e-03
3.094000e+02,1.558333e-01,1.515975e+05,2.827382e+04,1.421698e+07,1.471871e-09,1.000000e+03,1.055250e-03
3.094000e+02,1.662500e-01,1.515975e+05,2.818448e+04,1.516731e+07,1.471871e-09,1.000000e+03,1.055250e-03
3.094000e+02,1.766667e-01,1.515975e+05,2.809571e+04,1.611764e+07,1.471871e-09,1.000000e+03,1.055250e-03
3.094000e+02,1.870833e-01,1.515975e+05,2.800749e+04,1.706798e+07,1.471871e-09,1.000000e+03,1.055250e-03
3.094000e+02,1.975000e-01,1.515975e+05,2.791982e+04,1.801831e+07,1.471871e-09,1.000000e+03,1.055250e-03
3.094000e+02,2.079167e-01,1.515975e+05,2.783270e+04,1.896864e+07,1.471871e-09,1.000000e+03,1.055250e-03
3.094000e+02,2.183333e-01,1.515975e+05,2.774612e+04,1.991898e+07,1.471871e-09,1.000000e+03,1.055250e-03
3.094000e+02,2.287500e-01,1.515975e+05,2.766008e+04,2.086931e+07,1.471871e-09,1.000000e+03,1.055250e-03
3.094000e+02,2.391667e-01,1.515975e+05,2.757457e+04,2.181964e+07,1.471871e-09,1.000000e+03,1.055250e-03
3.094000e+02,2.495833e-01,1.515975e+05,2.748959e+04,2.276997e+07,1.471871e-09,1.000000e+03,1.055250e-03
3.094000e+02,2.600000e-01,1.515975e+05,2.740513e+04,2.372031e+07,1.471871e-09,1.000000e+03,1.055250e-03
3.148167e+02,1.000000e-02,1.742500e+05,3.359930e+04,9.282915e+05,1.471871e-09,1.000000e+03,1.055250e-03
3.148167e+02,2.041667e-02,1.742500e+05,3.348822e+04,1.895262e+06,1.471871e-09,1.000000e+03,1.055250e-03
3.148167e+02,3.083333e-02,1.742500e+05,3.337787e+04,2.862232e+06,1.471871e-09,1.000000e+03,1.055250e-03
3.148167e+02,4.125000e-02,1.742500e+05,3.326824e+04,3.829202e+06,1.471871e-09,1.000000e+03,1.055250e-03
3.148167e+02,5.166667e-02,1.742500e+05,3.315934e+04,4.796173e+06,1.471871e-09,1.000000e+03,1.055250e-03
3.148167e+02,6.208333e-02,1.742500e+05,3.305114e+04,5.763143e+06,1.471871e-09,1.000000e+03,1.055250e-03
3.148167e+02,7.250000e-02,1.742500e+05,3.294365e+04,6.730113e+06,1.471871e-09,1.000000e+03,1.055250e-03
3.148167e+02,8.291667e-02,1.742500e+05,3.283685e+04,7.697084e+06,1.471871e-09,1.000000e+03,1.055250e-03
3.148167e+02,9.333333e-02,1.742500e+05,3.273075e+04,8.664054e+06,1.471871e-09,1.000000e+03,1.055250e-03
3.148167e+02,1.037500e-01,1.742500e+05,3.262533e+04,9.631024e+06,1.471871e-09,1.000000e+03,1.055250e-03
3.148167e+02,1.141667e-01,1.742500e+05,3.252058e+04,1.059799e+07,1.471871e-09,1.000000e+03,1.055250e-03
3.148167e+02,1.245833e-01,1.742500e+05,3.241651e+04,1.156497e+07,1.471871e-09,1.000000e+03,1.055250e-03
3.148167e+02,1.350000e-01,1.742500e+05,3.231310e+04,1.253194e+07,1.471871e-09,1.000000e+03,1.055250e-03
3.148167e+02,1.454167e-01,1.742500e+05,3.221035e+04,1.349891e+07,1.471871e-09,1.000000e+03,1.055250e-03
3.148167e+02,1.558333e-01,1.742500e+05,3.210825e+04,1.446588e+07,1.471871e-09,1.000000e+03,1.055250e-03
3.148167e+02,1.662500e-01,1.742500e+05,3.200679e+04,1.543285e+07,1.471871e-09,1.000000e+03,1.055250e-03
3.148167e+02,1.766667e-01,1.742500e+05,3.190598e+04,1.639982e+07,1.471871e-09,1.000000e+03,1.055250e-03
3.148167e+02,1.870833e-01,1.742500e+05,3.180579e+04,1.736679e+07,1.471871e-09,1.000000e+03,1.055250e-03
3.148167e+02,1.975000e-01,1.742500e+05,3.170624e+04,1.833376e+07,1.471871e-09,1.000000e+03,1.055250e-03
3.148167e+02,2.079167e-01,1.742500e+05,3.160730e+04,1.930073e+07,1.471871e-09,1.000000e+03,1.055250e-03
3.148167e+02,2.183333e-01,1.742500e+05,3.150898e+04,2.026770e+07,1.471871e-09,1.000000e+03,1.055250e-03
3.148167e+02,2.287500e-01,1.742500e+05,3.141127e+04,2.123467e+07,1.471871e-09,1.000000e+03,1.055250e-03
3.148167e+02,2.391667e-01,1.742500e+05,3.131417e+04,2.220164e+07,1.471871e-09,1.000000e+03,1.055250e-03
3.148167e+02,2.495833e-01,1.742500e+05,3.121766e+04,2.316861e+07,1.471871e-09,1.000000e+03,1.055250e-03
3.148167e+02,2.600000e-01,1.742500e+05,3.112175e+04,2.413558e+07,1.471871e-09,1.000000e+03,1.055250e-03
3.202333e+02,1.000000e-02,1.969025e+05,3.795066e+04,9.442635e+05,1.471871e-09,1.000000e+03,1.055250e-03
3.202333e+02,2.041667e-02,1.969025e+05,3.782519e+04,1.927871e+06,1.471871e-09,1.000000e+03,1.055250e-03
3.202333e+02,3.083333e-02,1.969025e+05,3.770056e+04,2.911479e+06,1.471871e-09,1.000000e+03,1.055250e-03
3.202333e+02,4.125000e-02,1.969025e+05,3.757673e+04,3.895087e+06,1.471871e-09,1.000000e+03,1.055250e-03
3.202333e+02,5.166667e-02,1.969025e+05,3.745372e+04,4.878695e+06,1.471871e-09,1.000000e+03,1.055250e-03
3.202333e+02,6.208333e-02,1.969025e+05,3.733152e+04,5.862302e+06,1.471871e-09,1.000000e+03,1.055250e-03
3.202333e+02,7.250000e-02,1.969025e+05,3.721010e+04,6.845910e+06,1.471871e-09,1.000000e+03,1.055250e-03
3.202333e+02,8.291667e-02,1.969025e+05,3.708948e+04,7.829518e+06,1.471871e-09,1.000000e+03,1.055250e-03
3.202333e+02,9.333333e-02,1.969025e+05,3.696963e+04,8.813126e+06,1.471871e-09,1.000000e+03,1.055250e-03
3.202333e+02,1.037500e-01,1.969025e+05,3.685056e+04,9.796734e+06,1.471871e-09,1.000000e+03,1.055250e-03
3.202333e+02,1.141667e-01,1.969025e+05,3.673225e+04,1.078034e+07,1.471871e-09,1.000000e+03,1.055250e-03
3.202333e+02,1.245833e-01,1.969025e+05,3.661470e+04,1.176395e+07,1.471871e-09,1.000000e+03,1.055250e-03
3.202333e+02,1.350000e-01,1.969025e+05,3.649789e+04,1.274756e+07,1.471871e-09,1.000000e+03,1.055250e-03
3.202333e+02,1.454167e-01,1.969025e+05,3.638183e+04,1.373116e+07,1.471871e-09,1.000000e+03,1.055250e-03
3.202333e+02,1.558333e-01,1.969025e+05,3.626651e+04,1.471477e+07,1.471871e-09,1.000000e+03,1.055250e-03
3.202333e+02,1.662500e-01,1.969025e+05,3.615192e+04,1.569838e+07,1.471871e-09,1.000000e+03,1.055250e-03
3.202333e+02,1.766667e-01,1.969025e+05,3.603804e+04,1.668199e+07,1.471871e-09,1.000000e+03,1.055250e-03
3.202333e+02,1.870833e-01,1.969025e+05,3.592489e+04,1.766560e+07,1.471871e-09,1.000000e+03,1.055250e-03
3.202333e+02,1.975000e-01,1.969025e+05,3.581244e+04,1.864920e+07,1.471871e-09,1.000000e+03,1.055250e-03
3.202333e+02,2.079167e-01,1.969025e+05,3.570069e+04,1.963281e+07,1.471871e-09,1.000000e+03,1.055250e-03
3.202333e+02,2.183333e-01,1.969025e+05,3.558964e+04,2.061642e+07,1.471871e-09,1.000000e+03,1.055250e-03
3.202333e+02,2.287500e-01,1.969025e+05,3.547927e+04,2.160003e+07,1.471871e-09,1.000000e+03,1.055250e-03
3.202333e+02,2.391667e-01,1.969025e+05,3.536959e+04,2.258364e+07,1.471871e-09,1.000000e+03,1.055250e-03
3.202333e+02,2.495833e-01,1.969025e+05,3.526059e+04,2.356724e+07,1.471871e-09,1.000000e+03,1.055250e-03
3.202333e+02,2.600000e-01,1.969025e+05,3.515225e+04,2.455085e+07,1.471871e-09,1.000000e+03,1.055250e-03
3.256500e+02,1.000000e-02,2.195550e+05,4.264927e+04,9.602355e+05,1.471871e-09,1.000000e+03,1.055250e-03
3.256500e+02,2.041667e-02,2.195550e+05,4.250827e+04,1.960481e+06,1.471871e-09,1.000000e+03,1.055250e-03
3.256500e+02,3.083333e-02,2.195550e+05,4.236820e+04,2.960726e+06,1.471871e-09,1.000000e+03,1.055250e-03
3.256500e+02,4.125000e-02,2.195550e+05,4.222904e+04,3.960971e+06,1.471871e-09,1.000000e+03,1.055250e-03
3.256500e+02,5.166667e-02,2.195550e+05,4.209080e+04,4.961217e+06,1.471871e-09,1.000000e+03,1.055250e-03
3.256500e+02,6.208333e-02,2.195550e+05,4.195347e+04,5.961462e+06,1.471871e-09,1.000000e+03,1.055250e-03
3.256500e+02,7.250000e-02,2.195550e+05,4.181702e+04,6.961707e+06,1.471871e-09,1.000000e+03,1.055250e-03
3.256500e+02,8.291667e-02,2.195550e+05,4.168146e+04,7.961952e+06,1.471871e-09,1.000000e+03,1.055250e-03
3.256500e+02,9.333333e-02,2.195550e+05,4.154678e+04,8.962198e+06,1.471871e-09,1.000000e+03,1.055250e-03
3.256500e+02,1.037500e-01,2.195550e+05,4.141296e+04,9.962443e+06,1.471871e-09,1.000000e+03,1.055250e-03
3.256500e+02,1.141667e-01,2.195550e+05,4.128000e+04,1.096269e+07,1.471871e-09,1.000000e+03,1.055250e-03
3.256500e+02,1.245833e-01,2.195550e+05,4.114790e+04,1.196293e+07,1.471871e-09,1.000000e+03,1.055250e-03
3.256500e+02,1.350000e-01,2.195550e+05,4.101663e+04,1.296318e+07,1.471871e-09,1.000000e+03,1.055250e-03
3.256500e+02,1.454167e-01,2.195550e+05,4.088621e+04,1.396342e+07,1.471871e-09,1.000000e+03,1.055250e-03
3.256500e+02,1.558333e-01,2.195550e+05,4.075660e+04,1.496367e+07,1.471871e-09,1.000000e+03,1.055250e-03
3.256500e+02,1.662500e-01,2.195550e+05,4.062782e+04,1.596391e+07,1.471871e-09,1.000000e+03,1.055250e-03
3.256500e+02,1.766667e-01,2.195550e+05,4.049985e+04,1.696416e+07,1.471871e-09,1.000000e+03,1.055250e-03
3.256500e+02,1.870833e-01,2.195550e+05,4.037268e+04,1.796441e+07,1.471871e-09,1.000000e+03,1.055250e-03
3.256500e+02,1.975000e-01,2.195550e+05,4.024631e+04,1.896465e+07,1.471871e-09,1.000000e+03,1.055250e-03
3.256500e+02,2.079167e-01,2.195550e+05,4.012073e+04,1.996490e+07,1.471871e-09,1.000000e+03,1.055250e-03
3.256500e+02,2.183333e-01,2.195550e+05,3.999593e+04,2.096514e+07,1.471871e-09,1.000000e+03,1.055250e-03
3.256500e+02,2.287500e-01,2.195550e+05,3.987190e+04,2.196539e+07,1.471871e-09,1.000000e+03,1.055250e-03
3.256500e+02,2.391667e-01,2.195550e+05,3.974864e+04,2.296563e+07,1.471871e-09,1.000000e+03,1.055250e-03
3.256500e+02,2.495833e-01,2.195550e+05,3.962614e+04,2.396588e+07,1.471871e-09,1.000000e+03,1.055250e-03
3.256500e+02,2.600000e-01,2.195550e+05,3.950439e+04,2.496612e+07,1.471871e-09,1.000000e+03,1.055250e-03
3.310667e+02,1.000000e-02,2.422075e+05,4.770248e+04,9.762074e+05,1.471871e-09,1.000000e+03,1.055250e-03
3.310667e+02,2.041667e-02,2.422075e+05,4.754477e+04,1.993090e+06,1.471871e-09,1.000000e+03,1.055250e-03
3.310667e+02,3.083333e-02,2.422075e+05,4.738811e+04,3.009973e+06,1.471871e-09,1.000000e+03,1.055250e-03
3.310667e+02,4.125000e-02,2.422075e+05,4.723247e+04,4.026856e+06,1.471871e-09,1.000000e+03,1.055250e-03
3.310667e+02,5.166667e-02,2.422075e+05,4.707785e+04,5.043738e+06,1.471871e-09,1.000000e+03,1.055250e-03
3.310667e+02,6.208333e-02,2.422075e+05,4.692424e+04,6.060621e+06,1.471871e-09,1.000000e+03,1.055250e-03
3.310667e+02,7.250000e-02,2.422075e+05,4.677163e+04,7.077504e+06,1.471871e-09,1.000000e+03,1.055250e-03
3.310667e+02,8.291667e-02,2.422075e+05,4.662001e+04,8.094387e+06,1.471871e-09,1.000000e+03,1.055250e-03
3.310667e+02,9.333333e-02,2.422075e+05,4.646936e+04,9.111270e+06,1.471871e-09,1.000000e+03,1.055250e-03
3.310667e+02,1.037500e-01,2.422075e+05,4.631969e+04,1.012815e+07,1.471871e-09,1.000000e+03,1.055250e-03
3.310667e+02,1.141667e-01,2.422075e+05,4.617098e+04,1.114504e+07,1.471871e-09,1.000000e+03,1.055250e-03
3.310667e+02,1.245833e-01,2.422075e+05,4.602322e+04,1.216192e+07,1.471871e-09,1.000000e+03,1.055250e-03
3.310667e+02,1.350000e-01,2.422075e+05,4.587641e+04,1.317880e+07,1.471871e-09,1.000000e+03,1.055250e-03
3.310667e+02,1.454167e-01,2.422075e+05,4.573053e+04,1.419568e+07,1.471871e-09,1.000000e+03,1.055250e-03
3.310667e+02,1.558333e-01,2.422075e+05,4.558557e+04,1.521257e+07,1.471871e-09,1.000000e+03,1.055250e-03
3.310667e+02,1.662500e-01,2.422075e+05,4.544153e+04,1.622945e+07,1.471871e-09,1.000000e+03,1.055250e-03
3.310667e+02,1.766667e-01,2.422075e+05,4.529839e+04,1.724633e+07,1.471871e-09,1.000000e+03,1.055250e-03
3.310667e+02,1.870833e-01,2.422075e+05,4.515616e+04,1.826321e+07,1.471871e-09,1.000000e+03,1.055250e-03
3.310667e+02,1.975000e-01,2.422075e+05,4.501482e+04,1.928010e+07,1.471871e-09,1.000000e+03,1.055250e-03
3.310667e+02,2.079167e-01,2.422075e+05,4.487435e+04,2.029698e+07,1.471871e-09,1.000000e+03,1.055250e-03
3.310667e+02,2.183333e-01,2.422075e+05,4.473476e+04,2.131386e+07,1.471871e-09,1.000000e+03,1.055250e-03
3.310667e+02,2.287500e-01,2.422075e+05,4.459604e+04,2.233075e+07,1.471871e-09,1.000000e+03,1.055250e-03
3.310667e+02,2.391667e-01,2.422075e+05,4.445818e+04,2.334763e+07,1.471871e-09,1.000000e+03,1.055250e-03
3.310667e+02,2.495833e-01,2.422075e+05,4.432116e+04,2.436451e+07,1.471871e-09,1.000000e+03,1.055250e-03
3.310667e+02,2.600000e-01,2.422075e+05,4.418499e+04,2.538139e+07,1.471871e-09,1.000000e+03,1.055250e-03
3.364833e+02,1.000000e-02,2.648600e+05,5.311668e+04,9.921794e+05,1.471871e-09,1.000000e+03,1.055250e-03
3.364833e+02,2.041667e-02,2.648600e+05,5.294107e+04,2.025700e+06,1.471871e-09,1.000000e+03,1.055250e-03
3.364833e+02,3.083333e-02,2.648600e+05,5.276662e+04,3.059220e+06,1.471871e-09,1.000000e+03,1.055250e-03
3.364833e+02,4.125000e-02,2.648600e+05,5.259332e+04,4.092740e+06,1.471871e-09,1.000000e+03,1.055250e-03
3.364833e+02,5.166667e-02,2.648600e+05,5.242115e+04,5.126260e+06,1.471871e-09,1.000000e+03,1.055250e-03
3.364833e+02,6.208333e-02,2.648600e+05,5.225011e+04,6.159781e+06,1.471871e-09,1.000000e+03,1.055250e-03
3.364833e+02,7.250000e-02,2.648600e+05,5.208018e+04,7.193301e+06,1.471871e-09,1.000000e+03,1.055250e-03
3.364833e+02,8.291667e-02,2.648600e+05,5.191135e+04,8.226821e+06,1.471871e-09,1.000000e+03,1.055250e-03
3.364833e+02,9.333333e-02,2.648600e+05,5.174361e+04,9.260341e+06,1.471871e-09,1.000000e+03,1.055250e-03
3.364833e+02,1.037500e-01,2.648600e+05,5.157695e+04,1.029386e+07,1.471871e-09,1.000000e+03,1.055250e-03
3.364833e+02,1.141667e-01,2.648600e+05,5.141136e+04,1.132738e+07,1.471871e-09,1.000000e+03,1.055250e-03
3.364833e+02,1.245833e-01,2.648600e+05,5.124683e+04,1.236090e+07,1.471871e-09,1.000000e+03,1.055250e-03
3.364833e+02,1.350000e-01,2.648600e+05,5.108335e+04,1.339442e+07,1.471871e-09,1.000000e+03,1.055250e-03
3.364833e+02,1.454167e-01,2.648600e+05,5.092091e+04,1.442794e+07,1.471871e-09,1.000000e+03,1.055250e-03
3.364833e+02,1.558333e-01,2.648600e+05,5.075950e+04,1.546146e+07,1.471871e-09,1.000000e+03,1.055250e-03
3.364833e+02,1.662500e-01,2.648600e+05,5.059911e+04,1.649498e+07,1.471871e-09,1.000000e+03,1.055250e-03
3.364833e+02,1.766667e-01,2.648600e+05,5.043973e+04,1.752850e+07,1.471871e-09,1.000000e+03,1.055250e-03
3.364833e+02,1.870833e-01,2.648600e+05,5.028135e+04,1.856202e+07,1.471871e-09,1.000000e+03,1.055250e-03
3.364833e+02,1.975000e-01,2.648600e+05,5.012397e+04,1.959554e+07,1.471871e-09,1.000000e+03,1.055250e-03
3.364833e+02,2.079167e-01,2.648600e+05,4.996756e+04,2.062906e+07,1.471871e-09,1.000000e+03,1.055250e-03
3.364833e+02,2.183333e-01,2.648600e+05,4.981213e+04,2.166258e+07,1.471871e-09,1.000000e+03,1.055250e-03
3.364833e+02,2.287500e-01,2.648600e+05,4.965766e+04,2.269610e+07,1.471871e-09,1.000000e+03,1.055250e-03
3.364833e+02,2.391667e-01,2.648600e+05,4.950415e+04,2.372962e+07,1.471871e-09,1.000000e+03,1.055250e-03
3.364833e+02,2.495833e-01,2.648600e+05,4.935158e+04,2.476314e+07,1.471871e-09,1.000000e+03,1.055250e-03
3.364833e+02,2.600000e-01,2.648600e+05,4.919995e+04,2.579667e+07,1.471871e-09,1.000000e+03,1.055250e-03
3.419000e+02,1.000000e-02,2.875125e+05,5.889727e+04,1.008151e+06,1.471871e-09,1.000000e+03,1.055250e-03
3.419000e+02,2.041667e-02,2.875125e+05,5.870256e+04,2.058309e+06,1.471871e-09,1.000000e+03,1.055250e-03
3.419000e+02,3.083333e-02,2.875125e+05,5.850912e+04,3.108467e+06,1.471871e-09,1.000000e+03,1.055250e-03
3.419000e+02,4.125000e-02,2.875125e+05,5.831696e+04,4.158625e+06,1.471871e-09,1.000000e+03,1.055250e-03
3.419000e+02,5.166667e-02,2.875125e+05,5.812605e+04,5.208782e+06,1.471871e-09,1.000000e+03,1.055250e-03
3.419000e+02,6.208333e-02,2.875125e+05,5.793639e+04,6.258940e+06,1.471871e-09,1.000000e+03,1.055250e-03
3.419000e+02,7.250000e-02,2.875125e+05,5.774797e+04,7.309098e+06,1.471871e-09,1.000000e+03,1.055250e-03
3.419000e+02,8.291667e-02,2.875125e+05,5.756077e+04,8.359255e+06,1.471871e-09,1.000000e+03,1.055250e-03
3.419000e+02,9.333333e-02,2.875125e+05,5.737477e+04,9.409413e+06,1.471871e-09,1.000000e+03,1.055250e-03
3.419000e+02,1.037500e-01,2.875125e+05,5.718997e+04,1.045957e+07,1.471871e-09,1.000000e+03,1.055250e-03
3.419000e+02,1.141667e-01,2.875125e+05,5.700637e+04,1.150973e+07,1.471871e-09,1.000000e+03,1.055250e-03
3.419000e+02,1.245833e-01,2.875125e+05,5.682393e+04,1.255989e+07,1.471871e-09,1.000000e+03,1.055250e-03
3.419000e+02,1.350000e-01,2.875125e+05,5.664266e+04,1.361004e+07,1.471871e-09,1.000000e+03,1.055250e-03
3.419000e+02,1.454167e-01,2.875125e+05,5.646254e+04,1.466020e+07,1.471871e-09,1.000000e+03,1.055250e-03
3.419000e+02,1.558333e-01,2.875125e+05,5.628357e+04,1.571036e+07,1.471871e-09,1.000000e+03,1.055250e-03
3.419000e+02,1.662500e-01,2.875125e+05,5.610572e+04,1.676052e+07,1.471871e-09,1.000000e+03,1.055250e-03
3.419000e+02,1.766667e-01,2.875125e+05,5.592900e+04,1.781067e+07,1.471871e-09,1.000000e+03,1.055250e-03
3.419000e+02,1.870833e-01,2.875125e+05,5.575338e+04,1.886083e+07,1.471871e-09,1.000000e+03,1.055250e-03
3.419000e+02,1.975000e-01,2.875125e+05,5.557887e+04,1.991099e+07,1.471871e-09,1.000000e+03,1.055250e-03
3.419000e+02,2.079167e-01,2.875125e+05,5.540544e+04,2.096115e+07,1.471871e-09,1.000000e+03,1.055250e-03
3.419000e+02,2.183333e-01,2.875125e+05,5.523310e+04,2.201131e+07,1.471871e-09,1.000000e+03,1.055250e-03
3.419000e+02,2.287500e-01,2.875125e+05,5.506182e+04,2.306146e+07,1.471871e-09,1.000000e+03,1.055250e-03
3.419000e+02,2.391667e-01,2.875125e+05,5.489160e+04,2.411162e+07,1.471871e-09,1.000000e+03,1.055250e-03
3.419000e+02,2.495833e-01,2.875125e+05,5.472243e+04,2.516178e+07,1.471871e-09,1.000000e+03,1.055250e-03
3.419000e+02,2.600000e-01,2.875125e+05,5.455430e+04,2.621194e+07,1.471871e-09,1.000000e+03,1.055250e-03
3.473167e+02,1.000000e-02,3.101650e+05,6.504873e+04,1.024123e+06,1.471871e-09,1.000000e+03,1.055250e-03
3.473167e+02,2.041667e-02,3.101650e+05,6.483368e+04,2.090919e+06,1.471871e-09,1.000000e+03,1.055250e-03
3.473167e+02,3.083333e-02,3.101650e+05,6.462004e+04,3.157714e+06,1.471871e-09,1.000000e+03,1.055250e-03
3.473167e+02,4.125000e-02,3.101650e+05,6.440780e+04,4.224509e+06,1.471871e-09,1.000000e+03,1.055250e-03
3.473167e+02,5.166667e-02,3.101650e+05,6.419696e+04,5.291304e+06,1.471871e-09,1.000000e+03,1.055250e-03
3.473167e+02,6.208333e-02,3.101650e+05,6.398749e+04,6.358099e+06,1.471871e-09,1.000000e+03,1.055250e-03
3.473167e+02,7.250000e-02,3.101650e+05,6.377939e+04,7.424895e+06,1.471871e-09,1.000000e+03,1.055250e-03
3.473167e+02,8.291667e-02,3.101650e+05,6.357263e+04,8.491690e+06,1.471871e-09,1.000000e+03,1.055250e-03
3.473167e+02,9.333333e-02,3.101650e+05,6.336721e+04,9.558485e+06,1.471871e-09,1.000000e+03,1.055250e-03
3.473167e+02,1.037500e-01,3.101650e+05,6.316311e+04,1.062528e+07,1.471871e-09,1.000000e+03,1.055250e-03
3.473167e+02,1.141667e-01,3.101650e+05,6.296033e+04,1.169208e+07,1.471871e-09,1.000000e+03,1.055250e-03
3.473167e+02,1.245833e-01,3.101650e+05,6.275884e+04,1.275887e+07,1.471871e-09,1.000000e+03,1.055250e-03
3.473167e+02,1.350000e-01,3.101650e+05,6.255864e+04,1.382567e+07,1.471871e-09,1.000000e+03,1.055250e-03
3.473167e+02,1.454167e-01,3.101650e+05,6.235971e+04,1.489246e+07,1.471871e-09,1.000000e+03,1.055250e-03
3.473167e+02,1.558333e-01,3.101650e+05,6.216204e+04,1.595926e+07,1.471871e-09,1.000000e+03,1.055250e-03
3.473167e+02,1.662500e-01,3.101650e+05,6.196562e+04,1.702605e+07,1.471871e-09,1.000000e+03,1.055250e-03
3.473167e+02,1.766667e-01,3.101650e+05,6.177044e+04,1.809285e+07,1.471871e-09,1.000000e+03,1.055250e-03
3.473167e+02,1.870833e-01,3.101650e+05,6.157648e+04,1.915964e+07,1.471871e-09,1.000000e+03,1.055250e-03
3.473167e+02,1.975000e-01,3.101650e+05,6.138374e+04,2.022644e+07,1.471871e-09,1.000000e+03,1.055250e-03
3.473167e+02,2.079167e-01,3.101650e+05,6.119220e+04,2.129323e+07,1.471871e-09,1.000000e+03,1.055250e-03
3.473167e+02,2.183333e-01,3.101650e+05,6.100185e+04,2.236003e+07,1.471871e-09,1.000000e+03,1.055250e-03
3.473167e+02,2.287500e-01,3.101650e+05,6.081268e+04,2.342682e+07,1.471871e-09,1.000000e+03,1.055250e-03
3.473167e+02,2.391667e-01,3.101650e+05,6.062469e+04,2.449362e+07,1.471871e-09,1.000000e+03,1.055250e-03
3.473167e+02,2.495833e-01,3.101650e+05,6.043785e+04,2.556041e+07,1.471871e-09,1.000000e+03,1.055250e-03
3.473167e+02,2.600000e-01,3.101650e+05,6.025216e+04,2.662721e+07,1.471871e-09,1.000000e+03,1.055250e-03
3.527333e+02,1.000000e-02,3.328175e+05,7.157460e+04,1.040095e+06,1.471871e-09,1.000000e+03,1.055250e-03
3.527333e+02,2.041667e-02,3.328175e+05,7.133797e+04,2.123528e+06,1.471871e-09,1.000000e+03,1.055250e-03
3.527333e+02,3.083333e-02,3.328175e+05,7.110290e+04,3.206961e+06,1.471871e-09,1.000000e+03,1.055250e-03
3.527333e+02,4.125000e-02,3.328175e+05,7.086937e+04,4.290393e+06,1.471871e-09,1.000000e+03,1.055250e-03
3.527333e+02,5.166667e-02,3.328175e+05,7.063738e+04,5.373826e+06,1.471871e-09,1.000000e+03,1.055250e-03
3.527333e+02,6.208333e-02,3.328175e+05,7.040690e+04,6.457259e+06,1.471871e-09,1.000000e+03,1.055250e-03
3.527333e+02,7.250000e-02,3.328175e+05,7.017791e+04,7.540691e+06,1.471871e-09,1.000000e+03,1.055250e-03
3.527333e+02,8.291667e-02,3.328175e+05,6.995041e+04,8.624124e+06,1.471871e-09,1.000000e+03,1.055250e-03
3.527333e+02,9.333333e-02,3.328175e+05,6.972438e+04,9.707557e+06,1.471871e-09,1.000000e+03,1.055250e-03
3.527333e+02,1.037500e-01,3.328175e+05,6.949981e+04,1.079099e+07,1.471871e-09,1.000000e+03,1.055250e-03
3.527333e+02,1.141667e-01,3.328175e+05,6.927668e+04,1.187442e+07,1.471871e-09,1.000000e+03,1.055250e-03
3.527333e+02,1.245833e-01,3.328175e+05,6.905498e+04,1.295785e+07,1.471871e-09,1.000000e+03,1.055250e-03
3.527333e+02,1.350000e-01,3.328175e+05,6.883469e+04,1.404129e+07,1.471871e-09,1.000000e+03,1.055250e-03
3.527333e+02,1.454167e-01,3.328175e+05,6.861580e+04,1.512472e+07,1.471871e-09,1.000000e+03,1.055250e-03
3.527333e+02,1.558333e-01,3.328175e+05,6.839831e+04,1.620815e+07,1.471871e-09,1.000000e+03,1.055250e-03
3.527333e+02,1.662500e-01,3.328175e+05,6.818218e+04,1.729159e+07,1.471871e-09,1.000000e+03,1.055250e-03
3.527333e+02,1.766667e-01,3.328175e+05,6.796742e+04,1.837502e+07,1.471871e-09,1.000000e+03,1.055250e-03
3.527333e+02,1.870833e-01,3.328175e+05,6.775400e+04,1.945845e+07,1.471871e-09,1.000000e+03,1.055250e-03
3.527333e+02,1.975000e-01,3.328175e+05,6.754192e+04,2.054188e+07,1.471871e-09,1.000000e+03,1.055250e-03
3.527333e+02,2.079167e-01,3.328175e+05,6.733117e+04,2.162532e+07,1.471871e-09,1.000000e+03,1.055250e-03
3.527333e+02,2.183333e-01,3.328175e+05,6.712173e+04,2.270875e+07,1.471871e-09,1.000000e+03,1.055250e-03
3.527333e+02,2.287500e-01,3.328175e+05,6.691358e+04,2.379218e+07,1.471871e-09,1.000000e+03,1.055250e-03
3.527333e+02,2.391667e-01,3.328175e+05,6.670672e+04,2.487561e+07,1.471871e-09,1.000000e+03,1.055250e-03
3.527333e+02,2.495833e-01,3.328175e+05,6.650114e+04,2.595905e+07,1.471871e-09,1.000000e+03,1.055250e-03
3.527333e+02,2.600000e-01,3.328175e+05,6.629682e+04,2.704248e+07,1.471871e-09,1.000000e+03,1.055250e-03
3.581500e+02,1.000000e-02,3.554700e+05,7.847755e+04,1.056067e+06,1.471871e-09,1.000000e+03,1.055250e-03
3.581500e+02,2.041667e-02,3.554700e+05,7.821810e+04,2.156138e+06,1.471871e-09,1.000000e+03,1.055250e-03
3.581500e+02,3.083333e-02,3.554700e+05,7.796036e+04,3.256208e+06,1.471871e-09,1.000000e+03,1.055250e-03
3.581500e+02,4.125000e-02,3.554700e+05,7.770431e+04,4.356278e+06,1.471871e-09,1.000000e+03,1.055250e-03
3.581500e+02,5.166667e-02,3.554700e+05,7.744994e+04,5.456348e+06,1.471871e-09,1.000000e+03,1.055250e-03
3.581500e+02,6.208333e-02,3.554700e+05,7.719723e+04,6.556418e+06,1.471871e-09,1.000000e+03,1.055250e-03
3.581500e+02,7.250000e-02,3.554700e+05,7.694616e+04,7.656488e+06,1.471871e-09,1.000000e+03,1.055250e-03
3.581500e+02,8.291667e-02,3.554700e+05,7.669672e+04,8.756558e+06,1.471871e-09,1.000000e+03,1.055250e-03
3.581500e+02,9.333333e-02,3.554700e+05,7.644890e+04,9.856629e+06,1.471871e-09,1.000000e+03,1.055250e-03
3.581500e+02,1.037500e-01,3.554700e+05,7.620266e+04,1.095670e+07,1.471871e-09,1.000000e+03,1.055250e-03
3.581500e+02,1.141667e-01,3.554700e+05,7.595801e+04,1.205677e+07,1.471871e-09,1.000000e+03,1.055250e-03
3.581500e+02,1.245833e-01,3.554700e+05,7.571493e+04,1.315684e+07,1.471871e-09,1.000000e+03,1.055250e-03
3.581500e+02,1.350000e-01,3.554700e+05,7.547340e+04,1.425691e+07,1.471871e-09,1.000000e+03,1.055250e-03
3.581500e+02,1.454167e-01,3.554700e+05,7.523340e+04,1.535698e+07,1.471871e-09,1.000000e+03,1.055250e-03
3.581500e+02,1.558333e-01,3.554700e+05,7.499492e+04,1.645705e+07,1.471871e-09,1.000000e+03,1.055250e-03
3.581500e+02,1.662500e-01,3.554700e+05,7.475795e+04,1.755712e+07,1.471871e-09,1.000000e+03,1.055250e-03
3.581500e+02,1.766667e-01,3.554700e+05,7.452248e+04,1.865719e+07,1.471871e-09,1.000000e+03,1.055250e-03
3.581500e+02,1.870833e-01,3.554700e+05,7.428848e+04,1.975726e+07,1.471871e-09,1.000000e+03,1.055250e-03
3.581500e+02,1.975000e-01,3.554700e+05,7.405595e+04,2.085733e+07,1.471871e-09,1.000000e+03,1.055250e-03
3.581500e+02,2.079167e-01,3.554700e+05,7.382487e+04,2.195740e+07,1.471871e-09,1.000000e+03,1.055250e-03
3.581500e+02,2.183333e-01,3.554700e+05,7.359523e+04,2.305747e+07,1.471871e-09,1.000000e+03,1.055250e-03
3.581500e+02,2.287500e-01,3.554700e+05,7.336701e+04,2.415754e+07,1.471871e-09,1.000000e+03,1.055250e-03
3.581500e+02,2.391667e-01,3.554700e+05,7.314020e+04,2.525761e+07,1.471871e-09,1.000000e+03,1.055250e-03
3.581500e+02,2.495833e-01,3.554700e+05,7.291479e+04,2.635768e+07,1.471871e-09,1.000000e+03,1.055250e-03
3.581500e+02,2.600000e-01,3.554700e+05,7.269076e+04,2.745775e+07,1.471871e-09,1.000000e+03,1.055250e-03
3.635667e+02,1.000000e-02,3.781225e+05,8.575942e+04,1.072039e+06,1.471871e-09,1.000000e+03,1.055250e-03
3.635667e+02,2.041667e-02,3.781225e+05,8.547589e+04,2.188747e+06,1.471871e-09,1.000000e+03,1.055250e-03
3.635667e+02,3.083333e-02,3.781225e+05,8.519423e+04,3.305455e+06,1.471871e-09,1.000000e+03,1.055250e-03
3.635667e+02,4.125000e-02,3.781225e+05,8.491443e+04,4.422162e+06,1.471871e-09,1.000000e+03,1.055250e-03
3.635667e+02,5.166667e-02,3.781225e+05,8.463645e+04,5.538870e+06,1.471871e-09,1.000000e+03,1.055250e-03
3.635667e+02,6.208333e-02,3.781225e+05,8.436029e+04,6.655578e+06,1.471871e-09,1.000000e+03,1.055250e-03
3.635667e+02,7.250000e-02,3.781225e+05,8.408593e+04,7.772285e+06,1.471871e-09,1.000000e+03,1.055250e-03
3.635667e+02,8.291667e-02,3.781225e+05,8.381335e+04,8.888993e+06,1.471871e-09,1.000000e+03,1.055250e-03
3.635667e+02,9.333333e-02,3.781225e+05,8.354252e+04,1.000570e+07,1.471871e-09,1.000000e+03,1.055250e-03
3.635667e+02,1.037500e-01,3.781225e+05,8.327344e+04,1.112241e+07,1.471871e-09,1.000000e+03,1.055250e-03
3.635667e+02,1.141667e-01,3.781225e+05,8.300609e+04,1.223912e+07,1.471871e-09,1.000000e+03,1.055250e-03
3.635667e+02,1.245833e-01,3.781225e+05,8.274045e+04,1.335582e+07,1.471871e-09,1.000000e+03,1.055250e-03
3.635667e+02,1.350000e-01,3.781225e+05,8.247651e+04,1.447253e+07,1.471871e-09,1.000000e+03,1.055250e-03
3.635667e+02,1.454167e-01,3.781225e+05,8.221424e+04,1.558924e+07,1.471871e-09,1.000000e+03,1.055250e-03
3.635667e+02,1.558333e-01,3.781225e+05,8.195364e+04,1.670595e+07,1.471871e-09,1.000000e+03,1.055250e-03
3.635667e+02,1.662500e-01,3.781225e+05,8.169468e+04,1.782265e+07,1.471871e-09,1.000000e+03,1.055250e-03
3.635667e+02,1.766667e-01,3.781225e+05,8.143736e+04,1.893936e+07,1.471871e-09,1.000000e+03,1.055250e-03
3.635667e+02,1.870833e-01,3.781225e+05,8.118165e+04,2.005607e+07,1.471871e-09,1.000000e+03,1.055250e-03
3.635667e+02,1.975000e-01,3.781225e+05,8.092754e+04,2.117278e+07,1.471871e-09,1.000000e+03,1.055250e-03
3.635667e+02,2.079167e-01,3.781225e+05,8.067501e+04,2.228948e+07,1.471871e-09,1.000000e+03,1.055250e-03
3.635667e+02,2.183333e-01,3.781225e+05,8.042406e+04,2.340619e+07,1.471871e-09,1.000000e+03,1.055250e-03
3.635667e+02,2.287500e-01,3.781225e+05,8.017467e+04,2.452290e+07,1.471871e-09,1.000000e+03,1.055250e-03
3.635667e+02,2.391667e-01,3.781225e+05,7.992681e+04,2.563961e+07,1.471871e-09,1.000000e+03,1.055250e-03
3.635667e+02,2.495833e-01,3.781225e+05,7.968049e+04,2.675631e+07,1.471871e-09,1.000000e+03,1.055250e-03
3.635667e+02,2.600000e-01,3.781225e+05,7.943568e+04,2.787302e+07,1.471871e-09,1.000000e+03,1.055250e-03
3.689833e+02,1.000000e-02,4.007750e+05,9.342122e+04,1.088011e+06,1.471871e-09,1.000000e+03,1.055250e-03
3.689833e+02,2.041667e-02,4.007750e+05,9.311236e+04,2.221356e+06,1.471871e-09,1.000000e+03,1.055250e-03
3.689833e+02,3.083333e-02,4.007750e+05,9.280554e+04,3.354702e+06,1.471871e-09,1.000000e+03,1.055250e-03
3.689833e+02,4.125000e-02,4.007750e+05,9.250074e+04,4.488047e+06,1.471871e-09,1.000000e+03,1.055250e-03
3.689833e+02,5.166667e-02,4.007750e+05,9.219793e+04,5.621392e+06,1.471871e-09,1.000000e+03,1.055250e-03
3.689833e+02,6.208333e-02,4.007750e+05,9.189710e+04,6.754737e+06,1.471871e-09,1.000000e+03,1.055250e-03
3.689833e+02,7.250000e-02,4.007750e+05,9.159822e+04,7.888082e+06,1.471871e-09,1.000000e+03,1.055250e-03
3.689833e+02,8.291667e-02,4.007750e+05,9.130128e+04,9.021427e+06,1.471871e-09,1.000000e+03,1.055250e-03
3.689833e+02,9.333333e-02,4.007750e+05,9.100626e+04,1.015477e+07,1.471871e-09,1.000000e+03,1.055250e-03
3.689833e+02,1.037500e-01,4.007750e+05,9.071315e+04,1.128812e+07,1.471871e-09,1.000000e+03,1.055250e-03
3.689833e+02,1.141667e-01,4.007750e+05,9.042191e+04,1.242146e+07,1.471871e-09,1.000000e+03,1.055250e-03
3.689833e+02,1.245833e-01,4.007750e+05,9.013254e+04,1.355481e+07,1.471871e-09,1.000000e+03,1.055250e-03
3.689833e+02,1.350000e-01,4.007750e+05,8.984501e+04,1.468815e+07,1.471871e-09,1.000000e+03,1.055250e-03
3.689833e+02,1.454167e-01,4.007750e+05,8.955931e+04,1.582150e+07,1.471871e-09,1.000000e+03,1.055250e-03
3.689833e+02,1.558333e-01,4.007750e+05,8.927543e+04,1.695484e+07,1.471871e-09,1.000000e+03,1.055250e-03
3.689833e+02,1.662500e-01,4.007750e+05,8.899334e+04,1.808819e+07,1.471871e-09,1.000000e+03,1.055250e-03
3.689833e+02,1.766667e-01,4.007750e+05,8.871302e+04,1.922153e+07,1.471871e-09,1.000000e+03,1.055250e-03
3.689833e+02,1.870833e-01,4.007750e+05,8.843447e+04,2.035488e+07,1.471871e-09,1.000000e+03,1.055250e-03
3.689833e+02,1.975000e-01,4.007750e+05,8.815765e+04,2.148822e+07,1.471871e-09,1.000000e+03,1.055250e-03
3.689833e+02,2.079167e-01,4.007750e+05,8.788257e+04,2.262157e+07,1.471871e-09,1.000000e+03,1.055250e-03
3.689833e+02,2.183333e-01,4.007750e+05,8.760920e+04,2.375491e+07,1.471871e-09,1.000000e+03,1.055250e-03
3.689833e+02,2.287500e-01,4.007750e+05,8.733752e+04,2.488826e+07,1.471871e-09,1.000000e+03,1.055250e-03
3.689833e+02,2.391667e-01,4.007750e+05,8.706753e+04,2.602160e+07,1.471871e-09,1.000000e+03,1.055250e-03
3.689833e+02,2.495833e-01,4.007750e+05,8.679919e+04,2.715495e+07,1.471871e-09,1.000000e+03,1.055250e-03
3.689833e+02,2.600000e-01,4.007750e+05,8.653251e+04,2.828829e+07,1.471871e-09,1.000000e+03,1.055250e-03
3.744000e+02,1.000000e-02,4.234275e+05,1.014632e+05,1.103983e+06,1.471871e-09,1.000000e+03,1.055250e-03
3.744000e+02,2.041667e-02,4.234275e+05,1.011278e+05,2.253966e+06,1.471871e-09,1.000000e+03,1.055250e-03
3.744000e+02,3.083333e-02,4.234275e+05,1.007945e+05,3.403948e+06,1.471871e-09,1.000000e+03,1.055250e-03
3.744000e+02,4.125000e-02,4.234275e+05,1.004635e+05,4.553931e+06,1.471871e-09,1.000000e+03,1.055250e-03
3.744000e+02,5.166667e-02,4.234275e+05,1.001346e+05,5.703914e+06,1.471871e-09,1.000000e+03,1.055250e-03
3.744000e+02,6.208333e-02,4.234275e+05,9.980789e+04,6.853896e+06,1.471871e-09,1.000000e+03,1.055250e-03
3.744000e+02,7.250000e-02,4.234275e+05,9.948329e+04,8.003879e+06,1.471871e-09,1.000000e+03,1.055250e-03
3.744000e+02,8.291667e-02,4.234275e+05,9.916079e+04,9.153861e+06,1.471871e-09,1.000000e+03,1.055250e-03
3.744000e+02,9.333333e-02,4.234275e+05,9.884037e+04,1.030384e+07,1.471871e-09,1.000000e+03,1.055250e-03
3.744000e+02,1.037500e-01,4.234275e+05,9.852202e+04,1.145383e+07,1.471871e-09,1.000000e+03,1.055250e-03
3.744000e+02,1.141667e-01,4.234275e+05,9.820572e+04,1.260381e+07,1.471871e-09,1.000000e+03,1.055250e-03
3.744000e+02,1.245833e-01,4.234275e+05,9.789143e+04,1.375379e+07,1.471871e-09,1.000000e+03,1.055250e-03
3.744000e+02,1.350000e-01,4.234275e+05,9.757916e+04,1.490377e+07,1.471871e-09,1.000000e+03,1.055250e-03
3.744000e+02,1.454167e-01,4.234275e+05,9.726887e+04,1.605376e+07,1.471871e-09,1.000000e+03,1.055250e-03
3.744000e+02,1.558333e-01,4.234275e+05,9.696054e+04,1.720374e+07,1.471871e-09,1.000000e+03,1.055250e-03
3.744000e+02,1.662500e-01,4.234275e+05,9.665417e+04,1.835372e+07,1.471871e-09,1.000000e+03,1.055250e-03
3.744000e+02,1.766667e-01,4.234275e+05,9.634972e+04,1.950370e+07,1.471871e-09,1.000000e+03,1.055250e-03
3.744000e+02,1.870833e-01,4.234275e+05,9.604719e+04,2.065369e+07,1.471871e-09,1.000000e+03,1.055250e-03
3.744000e+02,1.975000e-01,4.234275e+05,9.574655e+04,2.180367e+07,1.471871e-09,1.000000e+03,1.055250e-03
3.744000e+02,2.079167e-01,4.234275e+05,9.544778e+04,2.295365e+07,1.471871e-09,1.000000e+03,1.055250e-03
3.744000e+02,2.183333e-01,4.234275e+05,9.515088e+04,2.410364e+07,1.471871e-09,1.000000e+03,1.055250e-03
3.744000e+02,2.287500e-01,4.234275e+05,9.485582e+04,2.525362e+07,1.471871e-09,1.000000e+03,1.055250e-03
3.744000e+02,2.391667e-01,4.234275e+05,9.456258e+04,2.640360e+07,1.471871e-09,1.000000e+03,1.055250e-03
3.744000e+02,2.495833e-01,4.234275e+05,9.427114e+04,2.755358e+07,1.471871e-09,1.000000e+03,1.055250e-03
3.744000e+02,2.600000e-01,4.234275e+05,9.398150e+04,2.870357e+07,1.471871e-09,1.000000e+03,1.055250e-03
3.798167e+02,1.000000e-02,4.460800e+05,1.098849e+05,1.119955e+06,1.471871e-09,1.000000e+03,1.055250e-03
3.798167e+02,2.041667e-02,4.460800e+05,1.095217e+05,2.286575e+06,1.471871e-09,1.000000e+03,1.055250e-03
3.798167e+02,3.083333e-02,4.460800e+05,1.091608e+05,3.453195e+06,1.471871e-09,1.000000e+03,1.055250e-03
3.798167e+02,4.125000e-02,4.460800e+05,1.088022e+05,4.619815e+06,1.471871e-09,1.000000e+03,1.055250e-03
3.798167e+02,5.166667e-02,4.460800e+05,1.084461e+05,5.786436e+06,1.471871e-09,1.000000e+03,1.055250e-03
3.798167e+02,6.208333e-02,4.460800e+05,1.080922e+05,6.953056e+06,1.471871e-09,1.000000e+03,1.055250e-03
3.798167e+02,7.250000e-02,4.460800e+05,1.077407e+05,8.119676e+06,1.471871e-09,1.000000e+03,1.055250e-03
3.798167e+02,8.291667e-02,4.460800e+05,1.073914e+05,9.286296e+06,1.471871e-09,1.000000e+03,1.055250e-03
3.798167e+02,9.333333e-02,4.460800e+05,1.070444e+05,1.045292e+07,1.471871e-09,1.000000e+03,1.055250e-03
3.798167e+02,1.037500e-01,4.460800e+05,1.066996e+05,1.161954e+07,1.471871e-09,1.000000e+03,1.055250e-03
3.798167e+02,1.141667e-01,4.460800e+05,1.063571e+05,1.278616e+07,1.471871e-09,1.000000e+03,1.055250e-03
3.798167e+02,1.245833e-01,4.460800e+05,1.060167e+05,1.395278e+07,1.471871e-09,1.000000e+03,1.055250e-03
3.798167e+02,1.350000e-01,4.460800e+05,1.056785e+05,1.511940e+07,1.471871e-09,1.000000e+03,1.055250e-03
3.798167e+02,1.454167e-01,4.460800e+05,1.053425e+05,1.628602e+07,1.471871e-09,1.000000e+03,1.055250e-03
3.798167e+02,1.558333e-01,4.460800e+05,1.050085e+05,1.745264e+07,1.471871e-09,1.000000e+03,1.055250e-03
3.798167e+02,1.662500e-01,4.460800e+05,1.046767e+05,1.861926e+07,1.471871e-09,1.000000e+03,1.055250e-03
3.798167e+02,1.766667e-01,4.460800e+05,1.043470e+05,1.978588e+07,1.471871e-09,1.000000e+03,1.055250e-03
3.798167e+02,1.870833e-01,4.460800e+05,1.040194e+05,2.095250e+07,1.471871e-09,1.000000e+03,1.055250e-03
3.798167e+02,1.975000e-01,4.460800e+05,1.036938e+05,2.211912e+07,1.471871e-09,1.000000e+03,1.055250e-03
3.798167e+02,2.079167e-01,4.460800e+05,1.033702e+05,2.328574e+07,1.471871e-09,1.000000e+03,1.055250e-03
3.798167e+02,2.183333e-01,4.460800e+05,1.030487e+05,2.445236e+07,1.471871e-09,1.000000e+03,1.055250e-03
3.798167e+02,2.287500e-01,4.460800e+05,1.027291e+05,2.561898e+07,1.471871e-09,1.000000e+03,1.055250e-03
3.798167e+02,2.391667e-01,4.460800e+05,1.024115e+05,2.678560e+07,1.471871e-09,1.000000e+03,1.055250e-03
3.798167e+02,2.495833e-01,4.460800e+05,1.020959e+05,2.795222e+07,1.471871e-09,1.000000e+03,1.055250e-03
3.798167e+02,2.600000e-01,4.460800e+05,1.017822e+05,2.911884e+07,1.471871e-09,1.000000e+03,1.055250e-03
3.852333e+02,1.000000e-02,4.687325e+05,1.186853e+05,1.135927e+06,1.471871e-09,1.000000e+03,1.055250e-03
3.852333e+02,2.041667e-02,4.687325e+05,1.182929e+05,2.319185e+06,1.471871e-09,1.000000e+03,1.055250e-03
3.852333e+02,3.083333e-02,4.687325e+05,1.179031e+05,3.502442e+06,1.471871e-09,1.000000e+03,1.055250e-03
3.852333e+02,4.125000e-02,4.687325e+05,1.175159e+05,4.685700e+06,1.471871e-09,1.000000e+03,1.055250e-03
3.852333e+02,5.166667e-02,4.687325e+05,1.171312e+05,5.868957e+06,1.471871e-09,1.000000e+03,1.055250e-03
3.852333e+02,6.208333e-02,4.687325e+05,1.167490e+05,7.052215e+06,1.471871e-09,1.000000e+03,1.055250e-03
3.852333e+02,7.250000e-02,4.687325e+05,1.163693e+05,8.235473e+06,1.471871e-09,1.000000e+03,1.055250e-03
3.852333e+02,8.291667e-02,4.687325e+05,1.159920e+05,9.418730e+06,1.471871e-09,1.000000e+03,1.055250e-03
3.852333e+02,9.333333e-02,4.687325e+05,1.156172e+05,1.060199e+07,1.471871e-09,1.000000e+03,1.055250e-03
3.852333e+02,1.037500e-01,4.687325e+05,1.152449e+05,1.178525e+07,1.471871e-09,1.000000e+03,1.055250e-03
3.852333e+02,1.141667e-01,4.687325e+05,1.148749e+05,1.296850e+07,1.471871e-09,1.000000e+03,1.055250e-03
3.852333e+02,1.245833e-01,4.687325e+05,1.145072e+05,1.415176e+07,1.471871e-09,1.000000e+03,1.055250e-03
3.852333e+02,1.350000e-01,4.687325e+05,1.141419e+05,1.533502e+07,1.471871e-09,1.000000e+03,1.055250e-03
3.852333e+02,1.454167e-01,4.687325e+05,1.137790e+05,1.651828e+07,1.471871e-09,1.000000e+03,1.055250e-03
3.852333e+02,1.558333e-01,4.687325e+05,1.134183e+05,1.770153e+07,1.471871e-09,1.000000e+03,1.055250e-03
3.852333e+02,1.662500e-01,4.687325e+05,1.130600e+05,1.888479e+07,1.471871e-09,1.000000e+03,1.055250e-03
3.852333e+02,1.766667e-01,4.687325e+05,1.127038e+05,2.006805e+07,1.471871e-09,1.000000e+03,1.055250e-03
3.852333e+02,1.870833e-01,4.687325e+05,1.123499e+05,2.125131e+07,1.471871e-09,1.000000e+03,1.055250e-03
3.852333e+02,1.975000e-01,4.687325e+05,1.119983e+05,2.243456e+07,1.471871e-09,1.000000e+03,1.055250e-03
3.852333e+02,2.079167e-01,4.687325e+05,1.116488e+05,2.361782e+07,1.471871e-09,1.000000e+03,1.055250e-03
3.852333e+02,2.183333e-01,4.687325e+05,1.113015e+05,2.480108e+07,1.471871e-09,1.000000e+03,1.055250e-03
3.852333e+02,2.287500e-01,4.687325e+05,1.109564e+05,2.598434e+07,1.471871e-09,1.000000e+03,1.055250e-03
3.852333e+02,2.391667e-01,4.687325e+05,1.106133e+05,2.716759e+07,1.471871e-09,1.000000e+03,1.055250e-03
3.852333e+02,2.495833e-01,4.687325e+05,1.102724e+05,2.835085e+07,1.471871e-09,1.000000e+03,1.055250e-03
3.852333e+02,2.600000e-01,4.687325e+05,1.099336e+05,2.953411e+07,1.471871e-09,1.000000e+03,1.055250e-03
3.906500e+02,1.000000e-02,4.913850e+05,1.278624e+05,1.151899e+06,1.471871e-09,1.000000e+03,1.055250e-03
3.906500e+02,2.041667e-02,4.913850e+05,1.274397e+05,2.351794e+06,1.471871e-09,1.000000e+03,1.055250e-03
3.906500e+02,3.083333e-02,4.913850e+05,1.270198e+05,3.551689e+06,1.471871e-09,1.000000e+03,1.055250e-03
3.906500e+02,4.125000e-02,4.913850e+05,1.266026e+05,4.751584e+06,1.471871e-09,1.000000e+03,1.055250e-03
3.906500e+02,5.166667e-02,4.913850e+05,1.261881e+05,5.951479e+06,1.471871e-09,1.000000e+03,1.055250e-03
3.906500e+02,6.208333e-02,4.913850e+05,1.257764e+05,7.151374e+06,1.471871e-09,1.000000e+03,1.055250e-03
3.906500e+02,7.250000e-02,4.913850e+05,1.253673e+05,8.351269e+06,1.471871e-09,1.000000e+03,1.055250e-03
3.906500e+02,8.291667e-02,4.913850e+05,1.249609e+05,9.551164e+06,1.471871e-09,1.000000e+03,1.055250e-03
3.906500e+02,9.333333e-02,4.913850e+05,1.245572e+05,1.075106e+07,1.471871e-09,1.000000e+03,1.055250e-03
3.906500e+02,1.037500e-01,4.913850e+05,1.241560e+05,1.195095e+07,1.471871e-09,1.000000e+03,1.055250e-03
3.906500e+02,1.141667e-01,4.913850e+05,1.237574e+05,1.315085e+07,1.471871e-09,1.000000e+03,1.055250e-03
3.906500e+02,1.245833e-01,4.913850e+05,1.233613e+05,1.435074e+07,1.471871e-09,1.000000e+03,1.055250e-03
3.906500e+02,1.350000e-01,4.913850e+05,1.229678e+05,1.555064e+07,1.471871e-09,1.000000e+03,1.055250e-03
3.906500e+02,1.454167e-01,4.913850e+05,1.225768e+05,1.675053e+07,1.471871e-09,1.000000e+03,1.055250e-03
3.906500e+02,1.558333e-01,4.913850e+05,1.221882e+05,1.795043e+07,1.471871e-09,1.000000e+03,1.055250e-03
3.906500e+02,1.662500e-01,4.913850e+05,1.218021e+05,1.915032e+07,1.471871e-09,1.000000e+03,1.055250e-03
3.906500e+02,1.766667e-01,4.913850e+05,1.214185e+05,2.035022e+07,1.471871e-09,1.000000e+03,1.055250e-03
3.906500e+02,1.870833e-01,4.913850e+05,1.210372e+05,2.155011e+07,1.471871e-09,1.000000e+03,1.055250e-03
3.906500e+02,1.975000e-01,4.913850e+05,1.206584e+05,2.275001e+07,1.471871e-09,1.000000e+03,1.055250e-03
3.906500e+02,2.079167e-01,4.913850e+05,1.202819e+05,2.394990e+07,1.471871e-09,1.000000e+03,1.055250e-03
3.906500e+02,2.183333e-01,4.913850e+05,1.199077e+05,2.514980e+07,1.471871e-09,1.000000e+03,1.055250e-03
3.906500e+02,2.287500e-01,4.913850e+05,1.195359e+05,2.634969e+07,1.471871e-09,1.000000e+03,1.055250e-03
3.906500e+02,2.391667e-01,4.913850e+05,1.191663e+05,2.754959e+07,1.471871e-09,1.000000e+03,1.055250e-03
3.906500e+02,2.495833e-01,4.913850e+05,1.187991e+05,2.874949e+07,1.471871e-09,1.000000e+03,1.055250e-03
3.906500e+02,2.600000e-01,4.913850e+05,1.184341e+05,2.994938e+07,1.471871e-09,1.000000e+03,1.055250e-03
3.960667e+02,1.000000e-02,5.140375e+05,1.374140e+05,1.167871e+06,1.471871e-09,1.000000e+03,1.055250e-03
3.960667e+02,2.041667e-02,5.140375e+05,1.369597e+05,2.384404e+06,1.471871e-09,1.000000e+03,1.055250e-03
3.960667e+02,3.083333e-02,5.140375e+05,1.365084e+05,3.600936e+06,1.471871e-09,1.000000e+03,1.055250e-03
3.960667e+02,4.125000e-02,5.140375e+05,1.360601e+05,4.817469e+06,1.471871e-09,1.000000e+03,1.055250e-03
3.960667e+02,5.166667e-02,5.140375e+05,1.356147e+05,6.034001e+06,1.471871e-09,1.000000e+03,1.055250e-03
3.960667e+02,6.208333e-02,5.140375e+05,1.351722e+05,7.250534e+06,1.471871e-09,1.000000e+03,1.055250e-03
3.960667e+02,7.250000e-02,5.140375e+05,1.347326e+05,8.467066e+06,1.471871e-09,1.000000e+03,1.055250e-03
3.960667e+02,8.291667e-02,5.140375e+05,1.342958e+05,9.683599e+06,1.471871e-09,1.000000e+03,1.055250e-03
3.960667e+02,9.333333e-02,5.140375e+05,1.338619e+05,1.090013e+07,1.471871e-09,1.000000e+03,1.055250e-03
3.960667e+02,1.037500e-01,5.140375e+05,1.334307e+05,1.211666e+07,1.471871e-09,1.000000e+03,1.055250e-03
3.960667e+02,1.141667e-01,5.140375e+05,1.330023e+05,1.333320e+07,1.471871e-09,1.000000e+03,1.055250e-03
3.960667e+02,1.245833e-01,5.140375e+05,1.325767e+05,1.454973e+07,1.471871e-09,1.000000e+03,1.055250e-03
3.960667e+02,1.350000e-01,5.140375e+05,1.321538e+05,1.576626e+07,1.471871e-09,1.000000e+03,1.055250e-03
3.960667e+02,1.454167e-01,5.140375e+05,1.317335e+05,1.698279e+07,1.471871e-09,1.000000e+03,1.055250e-03
3.960667e+02,1.558333e-01,5.140375e+05,1.313159e+05,1.819933e+07,1.471871e-09,1.000000e+03,1.055250e-03
3.960667e+02,1.662500e-01,5.140375e+05,1.309010e+05,1.941586e+07,1.471871e-09,1.000000e+03,1.055250e-03
3.960667e+02,1.766667e-01,5.140375e+05,1.304887e+05,2.063239e+07,1.471871e-09,1.000000e+03,1.055250e-03
3.960667e+02,1.870833e-01,5.140375e+05,1.300790e+05,2.184892e+07,1.471871e-09,1.000000e+03,1.055250e-03
3.960667e+02,1.975000e-01,5.140375e+05,1.296718e+05,2.306546e+07,1.471871e-09,1.000000e+03,1.055250e-03
3.960667e+02,2.079167e-01,5.140375e+05,1.292672e+05,2.428199e+07,1.471871e-09,1.000000e+03,1.055250e-03
3.960667e+02,2.183333e-01,5.140375e+05,1.288651e+05,2.549852e+07,1.471871e-09,1.000000e+03,1.055250e-03
3.960667e+02,2.287500e-01,5.140375e+05,1.284655e+05,2.671505e+07,1.471871e-09,1.000000e+03,1.055250e-03
3.960667e+02,2.391667e-01,5.140375e+05,1.280683e+05,2.793159e+07,1.471871e-09,1.000000e+03,1.055250e-03
3.960667e+02,2.495833e-01,5.140375e+05,1.276736e+05,2.914812e+07,1.471871e-09,1.000000e+03,1.055250e-03
3.960667e+02,2.600000e-01,5.140375e+05,1.272814e+05,3.036465e+07,1.471871e-09,1.000000e+03,1.055250e-03
4.014833e+02,1.000000e-02,5.366900e+05,1.473372e+05,1.183843e+06,1.471871e-09,1.000000e+03,1.055250e-03
4.014833e+02,2.041667e-02,5.366900e+05,1.468501e+05,2.417013e+06,1.471871e-09,1.000000e+03,1.055250e-03
4.014833e+02,3.083333e-02,5.366900e+05,1.463662e+05,3.650183e+06,1.471871e-09,1.000000e+03,1.055250e-03
4.014833e+02,4.125000e-02,5.366900e+05,1.458854e+05,4.883353e+06,1.471871e-09,1.000000e+03,1.055250e-03
4.014833e+02,5.166667e-02,5.366900e+05,1.454079e+05,6.116523e+06,1.471871e-09,1.000000e+03,1.055250e-03
4.014833e+02,6.208333e-02,5.366900e+05,1.449334e+05,7.349693e+06,1.471871e-09,1.000000e+03,1.055250e-03
4.014833e+02,7.250000e-02,5.366900e+05,1.444621e+05,8.582863e+06,1.471871e-09,1.000000e+03,1.055250e-03
4.014833e+02,8.291667e-02,5.366900e+05,1.439938e+05,9.816033e+06,1.471871e-09,1.000000e+03,1.055250e-03
4.014833e+02,9.333333e-02,5.366900e+05,1.435285e+05,1.104920e+07,1.471871e-09,1.000000e+03,1.055250e-03
4.014833e+02,1.037500e-01,5.366900e+05,1.430662e+05,1.228237e+07,1.471871e-09,1.000000e+03,1.055250e-03
4.014833e+02,1.141667e-01,5.366900e+05,1.426069e+05,1.351554e+07,1.471871e-09,1.000000e+03,1.055250e-03
4.014833e+02,1.245833e-01,5.366900e+05,1.421505e+05,1.474871e+07,1.471871e-09,1.000000e+03,1.055250e-03
4.014833e+02,1.350000e-01,5.366900e+05,1.416970e+05,1.598188e+07,1.471871e-09,1.000000e+03,1.055250e-03
4.014833e+02,1.454167e-01,5.366900e+05,1.412464e+05,1.721505e+07,1.471871e-09,1.000000e+03,1.055250e-03
4.014833e+02,1.558333e-01,5.366900e+05,1.407987e+05,1.844822e+07,1.471871e-09,1.000000e+03,1.055250e-03
4.014833e+02,1.662500e-01,5.366900e+05,1.403538e+05,1.968139e+07,1.471871e-09,1.000000e+03,1.055250e-03
4.014833e+02,1.766667e-01,5.366900e+05,1.399117e+05,2.091456e+07,1.471871e-09,1.000000e+03,1.055250e-03
4.014833e+02,1.870833e-01,5.366900e+05,1.394724e+05,2.214773e+07,1.471871e-09,1.000000e+03,1.055250e-03
4.014833e+02,1.975000e-01,5.366900e+05,1.390359e+05,2.338090e+07,1.471871e-09,1.000000e+03,1.055250e-03
4.014833e+02,2.079167e-01,5.366900e+05,1.386020e+05,2.461407e+07,1.471871e-09,1.000000e+03,1.055250e-03
4.014833e+02,2.183333e-01,5.366900e+05,1.381709e+05,2.584724e+07,1.471871e-09,1.000000e+03,1.055250e-03
4.014833e+02,2.287500e-01,5.366900e+05,1.377424e+05,2.708041e+07,1.471871e-09,1.000000e+03,1.055250e-03
4.014833e+02,2.391667e-01,5.366900e+05,1.373166e+05,2.831358e+07,1.471871e-09,1.000000e+03,1.055250e-03
4.014833e+02,2.495833e-01,5.366900e+05,1.368934e+05,2.954675e+07,1.471871e-09,1.000000e+03,1.055250e-03
4.014833e+02,2.600000e-01,5.366900e+05,1.364728e+05,3.077992e+07,1.471871e-09,1.000000e+03,1.055250e-03
4.069000e+02,1.000000e-02,5.593425e+05,1.576284e+05,1.199815e+06,1.471871e-09,1.000000e+03,1.055250e-03
4.069000e+02,2.041667e-02,5.593425e+05,1.571073e+05,2.449623e+06,1.471871e-09,1.000000e+03,1.055250e-03
4.069000e+02,3.083333e-02,5.593425e+05,1.565896e+05,3.699430e+06,1.471871e-09,1.000000e+03,1.055250e-03
4.069000e+02,4.125000e-02,5.593425e+05,1.560753e+05,4.949238e+06,1.471871e-09,1.000000e+03,1.055250e-03
4.069000e+02,5.166667e-02,5.593425e+05,1.555644e+05,6.199045e+06,1.471871e-09,1.000000e+03,1.055250e-03
4.069000e+02,6.208333e-02,5.593425e+05,1.550568e+05,7.448853e+06,1.471871e-09,1.000000e+03,1.055250e-03
4.069000e+02,7.250000e-02,5.593425e+05,1.545525e+05,8.698660e+06,1.471871e-09,1.000000e+03,1.055250e-03
4.069000e+02,8.291667e-02,5.593425e+05,1.540515e+05,9.948467e+06,1.471871e-09,1.000000e+03,1.055250e-03
4.069000e+02,9.333333e-02,5.593425e+05,1.535537e+05,1.119827e+07,1.471871e-09,1.000000e+03,1.055250e-03
4.069000e+02,1.037500e-01,5.593425e+05,1.530591e+05,1.244808e+07,1.471871e-09,1.000000e+03,1.055250e-03
4.069000e+02,1.141667e-01,5.593425e+05,1.525677e+05,1.369789e+07,1.471871e-09,1.000000e+03,1.055250e-03
4.069000e+02,1.245833e-01,5.593425e+05,1.520795e+05,1.494770e+07,1.471871e-09,1.000000e+03,1.055250e-03
4.069000e+02,1.350000e-01,5.593425e+05,1.515943e+05,1.619750e+07,1.471871e-09,1.000000e+03,1.055250e-03
4.069000e+02,1.454167e-01,5.593425e+05,1.511123e+05,1.744731e+07,1.471871e-09,1.000000e+03,1.055250e-03
4.069000e+02,1.558333e-01,5.593425e+05,1.506333e+05,1.869712e+07,1.471871e-09,1.000000e+03,1.055250e-03
4.069000e+02,1.662500e-01,5.593425e+05,1.501573e+05,1.994693e+07,1.471871e-09,1.000000e+03,1.055250e-03
4.069000e+02,1.766667e-01,5.593425e+05,1.496843e+05,2.119673e+07,1.471871e-09,1.000000e+03,1.055250e-03
4.069000e+02,1.870833e-01,5.593425e+05,1.492143e+05,2.244654e+07,1.471871e-09,1.000000e+03,1.055250e-03
4.069000e+02,1.975000e-01,5.593425e+05,1.487473e+05,2.369635e+07,1.471871e-09,1.000000e+03,1.055250e-03
4.069000e+02,2.079167e-01,5.593425e+05,1.482831e+05,2.494616e+07,1.471871e-09,1.000000e+03,1.055250e-03
4.069000e+02,2.183333e-01,5.593425e+05,1.478219e+05,2.619596e+07,1.471871e-09,1.000000e+03,1.055250e-03
4.069000e+02,2.287500e-01,5.593425e+05,1.473635e+05,2.744577e+07,1.471871e-09,1.000000e+03,1.055250e-03
4.069000e+02,2.391667e-01,5.593425e+05,1.469079e+05,2.869558e+07,1.471871e-09,1.000000e+03,1.055250e-03
4.069000e+02,2.495833e-01,5.593425e+05,1.464552e+05,2.994539e+07,1.471871e-09,1.000000e+03,1.055250e-03
4.069000e+02,2.600000e-01,5.593425e+05,1.460052e+05,3.119519e+07,1.471871e-09,1.000000e+03,1.055250e-03
4.123167e+02,1.000000e-02,5.819950e+05,1.682839e+05,1.215787e+06,1.471871e-09,1.000000e+03,1.055250e-03
4.123167e+02,2.041667e-02,5.819950e+05,1.677275e+05,2.482232e+06,1.471871e-09,1.000000e+03,1.055250e-03
4.123167e+02,3.083333e-02,5.819950e+05,1.671748e+05,3.748677e+06,1.471871e-09,1.000000e+03,1.055250e-03
4.123167e+02,4.125000e-02,5.819950e+05,1.666258e+05,5.015122e+06,1.471871e-09,1.000000e+03,1.055250e-03
4.123167e+02,5.166667e-02,5.819950e+05,1.660803e+05,6.281567e+06,1.471871e-09,1.000000e+03,1.055250e-03
4.123167e+02,6.208333e-02,5.819950e+05,1.655384e+05,7.548012e+06,1.471871e-09,1.000000e+03,1.055250e-03
4.123167e+02,7.250000e-02,5.819950e+05,1.650000e+05,8.814457e+06,1.471871e-09,1.000000e+03,1.055250e-03
4.123167e+02,8.291667e-02,5.819950e+05,1.644651e+05,1.008090e+07,1.471871e-09,1.000000e+03,1.055250e-03
4.123167e+02,9.333333e-02,5.819950e+05,1.639337e+05,1.134735e+07,1.471871e-09,1.000000e+03,1.055250e-03
4.123167e+02,1.037500e-01,5.819950e+05,1.634057e+05,1.261379e+07,1.471871e-09,1.000000e+03,1.055250e-03
4.123167e+02,1.141667e-01,5.819950e+05,1.628811e+05,1.388024e+07,1.471871e-09,1.000000e+03,1.055250e-03
4.123167e+02,1.245833e-01,5.819950e+05,1.623598e+05,1.514668e+07,1.471871e-09,1.000000e+03,1.055250e-03
4.123167e+02,1.350000e-01,5.819950e+05,1.618419e+05,1.641313e+07,1.471871e-09,1.000000e+03,1.055250e-03
4.123167e+02,1.454167e-01,5.819950e+05,1.613272e+05,1.767957e+07,1.471871e-09,1.000000e+03,1.055250e-03
4.123167e+02,1.558333e-01,5.819950e+05,1.608159e+05,1.894602e+07,1.471871e-09,1.000000e+03,1.055250e-03
4.123167e+02,1.662500e-01,5.819950e+05,1.603077e+05,2.021246e+07,1.471871e-09,1.000000e+03,1.055250e-03
4.123167e+02,1.766667e-01,5.819950e+05,1.598028e+05,2.147891e+07,1.471871e-09,1.000000e+03,1.055250e-03
4.123167e+02,1.870833e-01,5.819950e+05,1.593010e+05,2.274535e+07,1.471871e-09,1.000000e+03,1.055250e-03
4.123167e+02,1.975000e-01,5.819950e+05,1.588024e+05,2.401180e+07,1.471871e-09,1.000000e+03,1.055250e-03
4.123167e+02,2.079167e-01,5.819950e+05,1.583069e+05,2.527824e+07,1.471871e-09,1.000000e+03,1.055250e-03
4.123167e+02,2.183333e-01,5.819950e+05,1.578144e+05,2.654469e+07,1.471871e-09,1.000000e+03,1.055250e-03
4.123167e+02,2.287500e-01,5.819950e+05,1.573250e+05,2.781113e+07,1.471871e-09,1.000000e+03,1.055250e-03
4.123167e+02,2.391667e-01,5.819950e+05,1.568387e+05,2.907758e+07,1.471871e-09,1.000000e+03,1.055250e-03
4.123167e+02,2.495833e-01,5.819950e+05,1.563553e+05,3.034402e+07,1.471871e-09,1.000000e+03,1.055250e-03
4.123167e+02,2.600000e-01,5.819950e+05,1.558749e+05,3.161047e+07,1.471871e-09,1.000000e+03,1.055250e-03
4.177333e+02,1.000000e-02,6.046475e+05,1.792992e+05,1.231759e+06,1.471871e-09,1.000000e+03,1.055250e-03
4.177333e+02,2.041667e-02,6.046475e+05,1.787064e+05,2.514842e+06,1.471871e-09,1.000000e+03,1.055250e-03
4.177333e+02,3.083333e-02,6.046475e+05,1.781176e+05,3.797924e+06,1.471871e-09,1.000000e+03,1.055250e-03
4.177333e+02,4.125000e-02,6.046475e+05,1.775326e+05,5.081006e+06,1.471871e-09,1.000000e+03,1.055250e-03
4.177333e+02,5.166667e-02,6.046475e+05,1.769514e+05,6.364089e+06,1.471871e-09,1.000000e+03,1.055250e-03
4.177333e+02,6.208333e-02,6.046475e+05,1.763740e+05,7.647171e+06,1.471871e-09,1.000000e+03,1.055250e-03
4.177333e+02,7.250000e-02,6.046475e+05,1.758004e+05,8.930254e+06,1.471871e-09,1.000000e+03,1.055250e-03
4.177333e+02,8.291667e-02,6.046475e+05,1.752305e+05,1.021334e+07,1.471871e-09,1.000000e+03,1.055250e-03
4.177333e+02,9.333333e-02,6.046475e+05,1.746643e+05,1.149642e+07,1.471871e-09,1.000000e+03,1.055250e-03
4.177333e+02,1.037500e-01,6.046475e+05,1.741017e+05,1.277950e+07,1.471871e-09,1.000000e+03,1.055250e-03
4.177333e+02,1.141667e-01,6.046475e+05,1.735428e+05,1.406258e+07,1.471871e-09,1.000000e+03,1.055250e-03
4.177333e+02,1.245833e-01,6.046475e+05,1.729874e+05,1.534567e+07,1.471871e-09,1.000000e+03,1.055250e-03
4.177333e+02,1.350000e-01,6.046475e+05,1.724355e+05,1.662875e+07,1.471871e-09,1.000000e+03,1.055250e-03
4.177333e+02,1.454167e-01,6.046475e+05,1.718872e+05,1.791183e+07,1.471871e-09,1.000000e+03,1.055250e-03
4.177333e+02,1.558333e-01,6.046475e+05,1.713424e+05,1.919491e+07,1.471871e-09,1.000000e+03,1.055250e-03
4.177333e+02,1.662500e-01,6.046475e+05,1.708010e+05,2.047800e+07,1.471871e-09,1.000000e+03,1.055250e-03
4.177333e+02,1.766667e-01,6.046475e+05,1.702630e+05,2.176108e+07,1.471871e-09,1.000000e+03,1.055250e-03
4.177333e+02,1.870833e-01,6.046475e+05,1.697284e+05,2.304416e+07,1.471871e-09,1.000000e+03,1.055250e-03
4.177333e+02,1.975000e-01,6.046475e+05,1.691971e+05,2.432724e+07,1.471871e-09,1.000000e+03,1.055250e-03
4.177333e+02,2.079167e-01,6.046475e+05,1.686691e+05,2.561033e+07,1.471871e-09,1.000000e+03,1.055250e-03
4.177333e+02,2.183333e-01,6.046475e+05,1.681445e+05,2.689341e+07,1.471871e-09,1.000000e+03,1.055250e-03
4.177333e+02,2.287500e-01,6.046475e+05,1.676230e+05,2.817649e+07,1.471871e-09,1.000000e+03,1.055250e-03
4.177333e+02,2.391667e-01,6.046475e+05,1.671048e+05,2.945957e+07,1.471871e-09,1.000000e+03,1.055250e-03
4.177333e+02,2.495833e-01,6.046475e+05,1.665898e+05,3.074266e+07,1.471871e-09,1.000000e+03,1.055250e-03
4.177333e+02,2.600000e-01,6.046475e+05,1.660780e+05,3.202574e+07,1.471871e-09,1.000000e+03,1.055250e-03
4.231500e+02,1.000000e-02,6.273000e+05,1.906697e+05,1.247731e+06,1.471871e-09,1.000000e+03,1.055250e-03
4.231500e+02,2.041667e-02,6.273000e+05,1.900393e+05,2.547451e+06,1.471871e-09,1.000000e+03,1.055250e-03
4.231500e+02,3.083333e-02,6.273000e+05,1.894131e+05,3.847171e+06,1.471871e-09,1.000000e+03,1.055250e-03
4.231500e+02,4.125000e-02,6.273000e+05,1.887910e+05,5.146891e+06,1.471871e-09,1.000000e+03,1.055250e-03
4.231500e+02,5.166667e-02,6.273000e+05,1.881730e+05,6.446611e+06,1.471871e-09,1.000000e+03,1.055250e-03
4.231500e+02,6.208333e-02,6.273000e+05,1.875590e+05,7.746331e+06,1.471871e-09,1.000000e+03,1.055250e-03
4.231500e+02,7.250000e-02,6.273000e+05,1.869490e+05,9.046051e+06,1.471871e-09,1.000000e+03,1.055250e-03
4.231500e+02,8.291667e-02,6.273000e+05,1.863430e+05,1.034577e+07,1.471871e-09,1.000000e+03,1.055250e-03
4.231500e+02,9.333333e-02,6.273000e+05,1.857409e+05,1.164549e+07,1.471871e-09,1.000000e+03,1.055250e-03
4.231500e+02,1.037500e-01,6.273000e+05,1.851426e+05,1.294521e+07,1.471871e-09,1.000000e+03,1.055250e-03
4.231500e+02,1.141667e-01,6.273000e+05,1.845482e+05,1.424493e+07,1.471871e-09,1.000000e+03,1.055250e-03
4.231500e+02,1.245833e-01,6.273000e+05,1.839576e+05,1.554465e+07,1.471871e-09,1.000000e+03,1.055250e-03
4.231500e+02,1.350000e-01,6.273000e+05,1.833708e+05,1.684437e+07,1.471871e-09,1.000000e+03,1.055250e-03
4.231500e+02,1.454167e-01,6.273000e+05,1.827877e+05,1.814409e+07,1.471871e-09,1.000000e+03,1.055250e-03
4.231500e+02,1.558333e-01,6.273000e+05,1.822083e+05,1.944381e+07,1.471871e-09,1.000000e+03,1.055250e-03
4.231500e+02,1.662500e-01,6.273000e+05,1.816325e+05,2.074353e+07,1.471871e-09,1.000000e+03,1.055250e-03
4.231500e+02,1.766667e-01,6.273000e+05,1.810604e+05,2.204325e+07,1.471871e-09,1.000000e+03,1.055250e-03
4.231500e+02,1.870833e-01,6.273000e+05,1.804919e+05,2.334297e+07,1.471871e-09,1.000000e+03,1.055250e-03
4.231500e+02,1.975000e-01,6.273000e+05,1.799269e+05,2.464269e+07,1.471871e-09,1.000000e+03,1.055250e-03
4.231500e+02,2.079167e-01,6.273000e+05,1.793655e+05,2.594241e+07,1.471871e-09,1.000000e+03,1.055250e-03
4.231500e+02,2.183333e-01,6.273000e+05,1.788076e+05,2.724213e+07,1.471871e-09,1.000000e+03,1.055250e-03
4.231500e+02,2.287500e-01,6.273000e+05,1.782531e+05,2.854185e+07,1.471871e-09,1.000000e+03,1.055250e-03
4.231500e+02,2.391667e-01,6.273000e+05,1.777020e+05,2.984157e+07,1.471871e-09,1.000000e+03,1.055250e-03
4.231500e+02,2.495833e-01,6.273000e+05,1.771544e+05,3.114129e+07,1.471871e-09,1.000000e+03,1.055250e-03
4.231500e+02,2.600000e-01,6.273000e+05,1.766101e+05,3.244101e+07,1.471871e-09,1.000000e+03,1.055250e-03
