# Temperature,Flow,Enthalpy,Vap Pressure,Osmotic Pressure,Diffusivity,Osmotic Coeff
2.931500e+02,1.000000e-02,8.264168e+04,2.327338e+03,7.227182e+05,1.492524e-09,9.003626e-01
2.931500e+02,2.785714e-02,8.026665e+04,2.305217e+03,2.019808e+06,1.474981e-09,9.032792e-01
2.931500e+02,4.571429e-02,7.789763e+04,2.281274e+03,3.342594e+06,1.470469e-09,9.109199e-01
2.931500e+02,6.357143e-02,7.550207e+04,2.255817e+03,4.708876e+06,1.474798e-09,9.227918e-01
2.931500e+02,8.142857e-02,7.307954e+04,2.229121e+03,6.133952e+06,1.484757e-09,9.384519e-01
2.931500e+02,9.928571e-02,7.065232e+04,2.201426e+03,7.630940e+06,1.497916e-09,9.575021e-01
2.931500e+02,1.171429e-01,6.825814e+04,2.172950e+03,9.211046e+06,1.512469e-09,9.795838e-01
2.931500e+02,1.350000e-01,6.594464e+04,2.143880e+03,1.088381e+07,1.527102e-09,1.004374e+00
2.931500e+02,1.528571e-01,6.376523e+04,2.114383e+03,1.265729e+07,1.540894e-09,1.031582e+00
2.931500e+02,1.707143e-01,6.177586e+04,2.084603e+03,1.453830e+07,1.553226e-09,1.060943e+00
2.931500e+02,1.885714e-01,6.003279e+04,2.054670e+03,1.653248e+07,1.563724e-09,1.092221e+00
2.931500e+02,2.064286e-01,5.859082e+04,2.024691e+03,1.864454e+07,1.572197e-09,1.125201e+00
2.931500e+02,2.242857e-01,5.750216e+04,1.994763e+03,2.087827e+07,1.578593e-09,1.159688e+00
2.931500e+02,2.421429e-01,5.681556e+04,1.964968e+03,2.323674e+07,1.582973e-09,1.195507e+00
2.931500e+02,2.600000e-01,5.657583e+04,1.935376e+03,2.572234e+07,1.585472e-09,1.232496e+00
2.985667e+02,1.000000e-02,1.048738e+05,3.232869e+03,7.360330e+05,1.492524e-09,9.014232e-01
2.985667e+02,2.785714e-02,1.018002e+05,3.202141e+03,2.057052e+06,1.474981e-09,9.043576e-01
2.985667e+02,4.571429e-02,9.881306e+04,3.168883e+03,3.404794e+06,1.470469e-09,9.121586e-01
2.985667e+02,6.357143e-02,9.586848e+04,3.133521e+03,4.797909e+06,1.474798e-09,9.243183e-01
2.985667e+02,8.142857e-02,9.295617e+04,3.096437e+03,6.252433e+06,1.484757e-09,9.403807e-01
2.985667e+02,9.928571e-02,9.008990e+04,3.057967e+03,7.782110e+06,1.497916e-09,9.599356e-01
2.985667e+02,1.171429e-01,8.730004e+04,3.018411e+03,9.398687e+06,1.512469e-09,9.826138e-01
2.985667e+02,1.350000e-01,8.462786e+04,2.978030e+03,1.111216e+07,1.527102e-09,1.008083e+00
2.985667e+02,1.528571e-01,8.212122e+04,2.937056e+03,1.293099e+07,1.540894e-09,1.036042e+00
2.985667e+02,1.707143e-01,7.983133e+04,2.895690e+03,1.486229e+07,1.553226e-09,1.066221e+00
2.985667e+02,1.885714e-01,7.781026e+04,2.854109e+03,1.691201e+07,1.563724e-09,1.098376e+00
2.985667e+02,2.064286e-01,7.610925e+04,2.812467e+03,1.908506e+07,1.572197e-09,1.132283e+00
2.985667e+02,2.242857e-01,7.477739e+04,2.770894e+03,2.138543e+07,1.578593e-09,1.167744e+00
2.985667e+02,2.421429e-01,7.386074e+04,2.729506e+03,2.381633e+07,1.582973e-09,1.204577e+00
2.985667e+02,2.600000e-01,7.340179e+04,2.688401e+03,2.638029e+07,1.585472e-09,1.242618e+00
3.039833e+02,1.000000e-02,1.270852e+05,4.431591e+03,7.489170e+05,1.492524e-09,9.022151e-01
3.039833e+02,2.785714e-02,1.233002e+05,4.389469e+03,2.093067e+06,1.474981e-09,9.051547e-01
3.039833e+02,4.571429e-02,1.196822e+05,4.343878e+03,3.464902e+06,1.470469e-09,9.130937e-01
3.039833e+02,6.357143e-02,1.161761e+05,4.295405e+03,4.883902e+06,1.474798e-09,9.255105e-01
3.039833e+02,8.142857e-02,1.127615e+05,4.244570e+03,6.366814e+06,1.484757e-09,9.419366e-01
3.039833e+02,9.928571e-02,1.094439e+05,4.191837e+03,7.927994e+06,1.497916e-09,9.619509e-01
3.039833e+02,1.171429e-01,1.062462e+05,4.137613e+03,9.579711e+06,1.512469e-09,9.851741e-01
3.039833e+02,1.350000e-01,1.032033e+05,4.082259e+03,1.133241e+07,1.527102e-09,1.011265e+00
3.039833e+02,1.528571e-01,1.003576e+05,4.026092e+03,1.319492e+07,1.540894e-09,1.039914e+00
3.039833e+02,1.707143e-01,9.775547e+04,3.969389e+03,1.517470e+07,1.553226e-09,1.070845e+00
3.039833e+02,1.885714e-01,9.544487e+04,3.912390e+03,1.727793e+07,1.563724e-09,1.103805e+00
3.039833e+02,2.064286e-01,9.347344e+04,3.855306e+03,1.950976e+07,1.572197e-09,1.138567e+00
3.039833e+02,2.242857e-01,9.188717e+04,3.798319e+03,2.187437e+07,1.578593e-09,1.174925e+00
3.039833e+02,2.421429e-01,9.072943e+04,3.741585e+03,2.437511e+07,1.582973e-09,1.212694e+00
3.039833e+02,2.600000e-01,9.004038e+04,3.685238e+03,2.701460e+07,1.585472e-09,1.251704e+00
3.094000e+02,1.000000e-02,1.492775e+05,5.999194e+03,7.613625e+05,1.492524e-09,9.027404e-01
3.094000e+02,2.785714e-02,1.447647e+05,5.942172e+03,2.127827e+06,1.474981e-09,9.056726e-01
3.094000e+02,4.571429e-02,1.404998e+05,5.880455e+03,3.522874e+06,1.470469e-09,9.137272e-01
3.094000e+02,6.357143e-02,1.364160e+05,5.814835e+03,4.966782e+06,1.474798e-09,9.263701e-01
3.094000e+02,8.142857e-02,1.324836e+05,5.746018e+03,6.476985e+06,1.484757e-09,9.431212e-01
3.094000e+02,9.928571e-02,1.286991e+05,5.674631e+03,8.068434e+06,1.497916e-09,9.635492e-01
3.094000e+02,1.171429e-01,1.250783e+05,5.601226e+03,9.753902e+06,1.512469e-09,9.872656e-01
3.094000e+02,1.350000e-01,1.216498e+05,5.526292e+03,1.154426e+07,1.527102e-09,1.013920e+00
3.094000e+02,1.528571e-01,1.184503e+05,5.450257e+03,1.344872e+07,1.540894e-09,1.043198e+00
3.094000e+02,1.707143e-01,1.155214e+05,5.373495e+03,1.547503e+07,1.553226e-09,1.074813e+00
3.094000e+02,1.885714e-01,1.129071e+05,5.296334e+03,1.762965e+07,1.563724e-09,1.108509e+00
3.094000e+02,2.064286e-01,1.106513e+05,5.219058e+03,1.991792e+07,1.572197e-09,1.144052e+00
3.094000e+02,2.242857e-01,1.087969e+05,5.141912e+03,2.234421e+07,1.578593e-09,1.181231e+00
3.094000e+02,2.421429e-01,1.073845e+05,5.065110e+03,2.491201e+07,1.582973e-09,1.219856e+00
3.094000e+02,2.600000e-01,1.064521e+05,4.988831e+03,2.762406e+07,1.585472e-09,1.259754e+00
3.148167e+02,1.000000e-02,1.714527e+05,8.025738e+03,7.733625e+05,1.492524e-09,9.030019e-01
3.148167e+02,2.785714e-02,1.661919e+05,7.949453e+03,2.161314e+06,1.474981e-09,9.059137e-01
3.148167e+02,4.571429e-02,1.612603e+05,7.866888e+03,3.578670e+06,1.470469e-09,9.140613e-01
3.148167e+02,6.357143e-02,1.565796e+05,7.779101e+03,5.046482e+06,1.474798e-09,9.268989e-01
3.148167e+02,8.142857e-02,1.521102e+05,7.687038e+03,6.582848e+06,1.484757e-09,9.439361e-01
3.148167e+02,9.928571e-02,1.478403e+05,7.591536e+03,8.203287e+06,1.497916e-09,9.647321e-01
3.148167e+02,1.171429e-01,1.437782e+05,7.493335e+03,9.921061e+06,1.512469e-09,9.888898e-01
3.148167e+02,1.350000e-01,1.399460e+05,7.393088e+03,1.174746e+07,1.527102e-09,1.016052e+00
3.148167e+02,1.528571e-01,1.363752e+05,7.291368e+03,1.369204e+07,1.540894e-09,1.045895e+00
3.148167e+02,1.707143e-01,1.331024e+05,7.188676e+03,1.576285e+07,1.553226e-09,1.078128e+00
3.148167e+02,1.885714e-01,1.301674e+05,7.085450e+03,1.796660e+07,1.563724e-09,1.112489e+00
3.148167e+02,2.064286e-01,1.276106e+05,6.982070e+03,2.030885e+07,1.572197e-09,1.148739e+00
3.148167e+02,2.242857e-01,1.254718e+05,6.878864e+03,2.279413e+07,1.578593e-09,1.186662e+00
3.148167e+02,2.421429e-01,1.237889e+05,6.776117e+03,2.542606e+07,1.582973e-09,1.226064e+00
3.148167e+02,2.600000e-01,1.225975e+05,6.674072e+03,2.820750e+07,1.585472e-09,1.266767e+00
3.202333e+02,1.000000e-02,1.936122e+05,1.061727e+04,7.849113e+05,1.492524e-09,9.030028e-01
3.202333e+02,2.785714e-02,1.875799e+05,1.051635e+04,2.193508e+06,1.474981e-09,9.058809e-01
3.202333e+02,4.571429e-02,1.819583e+05,1.040713e+04,3.632256e+06,1.470469e-09,9.140987e-01
3.202333e+02,6.357143e-02,1.766580e+05,1.029099e+04,5.122947e+06,1.474798e-09,9.270997e-01
3.202333e+02,8.142857e-02,1.716294e+05,1.016920e+04,6.684314e+06,1.484757e-09,9.443838e-01
3.202333e+02,9.928571e-02,1.668522e+05,1.004286e+04,8.332422e+06,1.497916e-09,9.655017e-01
3.202333e+02,1.171429e-01,1.623275e+05,9.912953e+03,1.008100e+07,1.512469e-09,9.900485e-01
3.202333e+02,1.350000e-01,1.580709e+05,9.780337e+03,1.194174e+07,1.527102e-09,1.017660e+00
3.202333e+02,1.528571e-01,1.541082e+05,9.645771e+03,1.392455e+07,1.540894e-09,1.048006e+00
3.202333e+02,1.707143e-01,1.504715e+05,9.509919e+03,1.603774e+07,1.553226e-09,1.080791e+00
3.202333e+02,1.885714e-01,1.471962e+05,9.373361e+03,1.828828e+07,1.563724e-09,1.115746e+00
3.202333e+02,2.064286e-01,1.443193e+05,9.236599e+03,2.068191e+07,1.572197e-09,1.152628e+00
3.202333e+02,2.242857e-01,1.418773e+05,9.100068e+03,2.322333e+07,1.578593e-09,1.191219e+00
3.202333e+02,2.421429e-01,1.399055e+05,8.964144e+03,2.591631e+07,1.582973e-09,1.231318e+00
3.202333e+02,2.600000e-01,1.384371e+05,8.829148e+03,2.876380e+07,1.585472e-09,1.272745e+00
3.256500e+02,1.000000e-02,2.157580e+05,1.389746e+04,7.960041e+05,1.492524e-09,9.027467e-01
3.256500e+02,2.785714e-02,2.089267e+05,1.376536e+04,2.224394e+06,1.474981e-09,9.055776e-01
3.256500e+02,4.571429e-02,2.025884e+05,1.362239e+04,3.683602e+06,1.470469e-09,9.138426e-01
3.256500e+02,6.357143e-02,1.966423e+05,1.347038e+04,5.196124e+06,1.474798e-09,9.269752e-01
3.256500e+02,8.142857e-02,1.910290e+05,1.331096e+04,6.781300e+06,1.484757e-09,9.444670e-01
3.256500e+02,9.928571e-02,1.857197e+05,1.314559e+04,8.455720e+06,1.497916e-09,9.658605e-01
3.256500e+02,1.171429e-01,1.807079e+05,1.297554e+04,1.023356e+07,1.512469e-09,9.907442e-01
3.256500e+02,1.350000e-01,1.760030e+05,1.280196e+04,1.212689e+07,1.527102e-09,1.018747e+00
3.256500e+02,1.528571e-01,1.716253e+05,1.262582e+04,1.414593e+07,1.540894e-09,1.049534e+00
3.256500e+02,1.707143e-01,1.676018e+05,1.244799e+04,1.629930e+07,1.553226e-09,1.082803e+00
3.256500e+02,1.885714e-01,1.639641e+05,1.226925e+04,1.859416e+07,1.563724e-09,1.118282e+00
3.256500e+02,2.064286e-01,1.607452e+05,1.209023e+04,2.103647e+07,1.572197e-09,1.155723e+00
3.256500e+02,2.242857e-01,1.579787e+05,1.191152e+04,2.363108e+07,1.578593e-09,1.194903e+00
3.256500e+02,2.421429e-01,1.556972e+05,1.173360e+04,2.638188e+07,1.582973e-09,1.235619e+00
3.256500e+02,2.600000e-01,1.539314e+05,1.155690e+04,2.929191e+07,1.585472e-09,1.277689e+00
3.310667e+02,1.000000e-02,2.378916e+05,1.800920e+04,8.066370e+05,1.492524e-09,9.022376e-01
3.310667e+02,2.785714e-02,2.302304e+05,1.783802e+04,2.253959e+06,1.474981e-09,9.050078e-01
3.310667e+02,4.571429e-02,2.231452e+05,1.765275e+04,3.732682e+06,1.470469e-09,9.132965e-01
3.310667e+02,6.357143e-02,2.165239e+05,1.745576e+04,5.265968e+06,1.474798e-09,9.265290e-01
3.310667e+02,8.142857e-02,2.102971e+05,1.724918e+04,6.873736e+06,1.484757e-09,9.441888e-01
3.310667e+02,9.928571e-02,2.044275e+05,1.703488e+04,8.573071e+06,1.497916e-09,9.658117e-01
3.310667e+02,1.171429e-01,1.989013e+05,1.681452e+04,1.037858e+07,1.512469e-09,9.909796e-01
3.310667e+02,1.350000e-01,1.937213e+05,1.658958e+04,1.230268e+07,1.527102e-09,1.019316e+00
3.310667e+02,1.528571e-01,1.889023e+05,1.636132e+04,1.435592e+07,1.540894e-09,1.050481e+00
3.310667e+02,1.707143e-01,1.844666e+05,1.613089e+04,1.654716e+07,1.553226e-09,1.084168e+00
3.310667e+02,1.885714e-01,1.804414e+05,1.589926e+04,1.888380e+07,1.563724e-09,1.120099e+00
3.310667e+02,2.064286e-01,1.768562e+05,1.566728e+04,2.137197e+07,1.572197e-09,1.158024e+00
3.310667e+02,2.242857e-01,1.737414e+05,1.543569e+04,2.401667e+07,1.578593e-09,1.197716e+00
3.310667e+02,2.421429e-01,1.711268e+05,1.520514e+04,2.682191e+07,1.582973e-09,1.238970e+00
3.310667e+02,2.600000e-01,1.690409e+05,1.497615e+04,2.979084e+07,1.585472e-09,1.281599e+00
3.364833e+02,1.000000e-02,2.600148e+05,2.311618e+04,8.168071e+05,1.492524e-09,9.014802e-01
3.364833e+02,2.785714e-02,2.514891e+05,2.289647e+04,2.282195e+06,1.474981e-09,9.041756e-01
3.364833e+02,4.571429e-02,2.436233e+05,2.265865e+04,3.779473e+06,1.470469e-09,9.124647e-01
3.364833e+02,6.357143e-02,2.362939e+05,2.240581e+04,5.332440e+06,1.474798e-09,9.257649e-01
3.364833e+02,8.142857e-02,2.294216e+05,2.214064e+04,6.961557e+06,1.484757e-09,9.435530e-01
3.364833e+02,9.928571e-02,2.229605e+05,2.186557e+04,8.684378e+06,1.497916e-09,9.653586e-01
3.364833e+02,1.171429e-01,2.168893e+05,2.158273e+04,1.051591e+07,1.512469e-09,9.907581e-01
3.364833e+02,1.350000e-01,2.112045e+05,2.129399e+04,1.246892e+07,1.527102e-09,1.019370e+00
3.364833e+02,1.528571e-01,2.059152e+05,2.100101e+04,1.455424e+07,1.540894e-09,1.050850e+00
3.364833e+02,1.707143e-01,2.010390e+05,2.070523e+04,1.678098e+07,1.553226e-09,1.084886e+00
3.364833e+02,1.885714e-01,1.965986e+05,2.040791e+04,1.915675e+07,1.563724e-09,1.121199e+00
3.364833e+02,2.064286e-01,1.926202e+05,2.011015e+04,2.168785e+07,1.572197e-09,1.159534e+00
3.364833e+02,2.242857e-01,1.891307e+05,1.981289e+04,2.437942e+07,1.578593e-09,1.199661e+00
3.364833e+02,2.421429e-01,1.861574e+05,1.951696e+04,2.723560e+07,1.582973e-09,1.241372e+00
3.364833e+02,2.600000e-01,1.837261e+05,1.922304e+04,3.025961e+07,1.585472e-09,1.284478e+00
3.419000e+02,1.000000e-02,2.821294e+05,2.940442e+04,8.265121e+05,1.492524e-09,9.004794e-01
3.419000e+02,2.785714e-02,2.727009e+05,2.912493e+04,2.309091e+06,1.474981e-09,9.030860e-01
3.419000e+02,4.571429e-02,2.640173e+05,2.882243e+04,3.823960e+06,1.470469e-09,9.113516e-01
3.419000e+02,6.357143e-02,2.559435e+05,2.850080e+04,5.395507e+06,1.474798e-09,9.246872e-01
3.419000e+02,8.142857e-02,2.483903e+05,2.816350e+04,7.044708e+06,1.484757e-09,9.425637e-01
3.419000e+02,9.928571e-02,2.413033e+05,2.781361e+04,8.789553e+06,1.497916e-09,9.645052e-01
3.419000e+02,1.171429e-01,2.346537e+05,2.745382e+04,1.064543e+07,1.512469e-09,9.900834e-01
3.419000e+02,1.350000e-01,2.284314e+05,2.708654e+04,1.262542e+07,1.527102e-09,1.018912e+00
3.419000e+02,1.528571e-01,2.226400e+05,2.671386e+04,1.474065e+07,1.540894e-09,1.050643e+00
3.419000e+02,1.707143e-01,2.172920e+05,2.633762e+04,1.700044e+07,1.553226e-09,1.084963e+00
3.419000e+02,1.885714e-01,2.124063e+05,2.595943e+04,1.941260e+07,1.563724e-09,1.121586e+00
3.419000e+02,2.064286e-01,2.080050e+05,2.558067e+04,2.198361e+07,1.572197e-09,1.160256e+00
3.419000e+02,2.242857e-01,2.041120e+05,2.520255e+04,2.471872e+07,1.578593e-09,1.200740e+00
3.419000e+02,2.421429e-01,2.007516e+05,2.482610e+04,2.762219e+07,1.582973e-09,1.242828e+00
3.419000e+02,2.600000e-01,1.979475e+05,2.445223e+04,3.069734e+07,1.585472e-09,1.286329e+00
3.473167e+02,1.000000e-02,3.042371e+05,3.708367e+04,8.357508e+05,1.492524e-09,8.992407e-01
3.473167e+02,2.785714e-02,2.938639e+05,3.673119e+04,2.334644e+06,1.474981e-09,9.017440e-01
3.473167e+02,4.571429e-02,2.843217e+05,3.634968e+04,3.866127e+06,1.470469e-09,9.099623e-01
3.473167e+02,6.357143e-02,2.754639e+05,3.594406e+04,5.455142e+06,1.474798e-09,9.233008e-01
3.473167e+02,8.142857e-02,2.671913e+05,3.551867e+04,7.123137e+06,1.484757e-09,9.412255e-01
3.473167e+02,9.928571e-02,2.594408e+05,3.507740e+04,8.888516e+06,1.497916e-09,9.632559e-01
3.473167e+02,1.171429e-01,2.521761e+05,3.462365e+04,1.076701e+07,1.512469e-09,9.889597e-01
3.473167e+02,1.350000e-01,2.453807e+05,3.416045e+04,1.277203e+07,1.527102e-09,1.017947e+00
3.473167e+02,1.528571e-01,2.390524e+05,3.369044e+04,1.491491e+07,1.540894e-09,1.049866e+00
3.473167e+02,1.707143e-01,2.331990e+05,3.321595e+04,1.720523e+07,1.553226e-09,1.084401e+00
3.473167e+02,1.885714e-01,2.278348e+05,3.273898e+04,1.965097e+07,1.563724e-09,1.121262e+00
3.473167e+02,2.064286e-01,2.229784e+05,3.226130e+04,2.225875e+07,1.572197e-09,1.160192e+00
3.473167e+02,2.242857e-01,2.186505e+05,3.178443e+04,2.503396e+07,1.578593e-09,1.200956e+00
3.473167e+02,2.421429e-01,2.148726e+05,3.130968e+04,2.798096e+07,1.582973e-09,1.243341e+00
3.473167e+02,2.600000e-01,2.116657e+05,3.083817e+04,3.110316e+07,1.585472e-09,1.287153e+00
3.527333e+02,1.000000e-02,3.263395e+05,4.638876e+04,8.445223e+05,1.492524e-09,8.977700e-01
3.527333e+02,2.785714e-02,3.149762e+05,4.594784e+04,2.358849e+06,1.474981e-09,9.001555e-01
3.527333e+02,4.571429e-02,3.045312e+05,4.547060e+04,3.905965e+06,1.470469e-09,9.083022e-01
3.527333e+02,6.357143e-02,2.948464e+05,4.496320e+04,5.511320e+06,1.474798e-09,9.216109e-01
3.527333e+02,8.142857e-02,2.858125e+05,4.443107e+04,7.196805e+06,1.484757e-09,9.395434e-01
3.527333e+02,9.928571e-02,2.773578e+05,4.387907e+04,8.981198e+06,1.497916e-09,9.616155e-01
3.527333e+02,1.171429e-01,2.694384e+05,4.331147e+04,1.088056e+07,1.512469e-09,9.873916e-01
3.527333e+02,1.350000e-01,2.620313e+05,4.273204e+04,1.290857e+07,1.527102e-09,1.016479e+00
3.527333e+02,1.528571e-01,2.551286e+05,4.214410e+04,1.507682e+07,1.540894e-09,1.048523e+00
3.527333e+02,1.707143e-01,2.487330e+05,4.155054e+04,1.739507e+07,1.553226e-09,1.083204e+00
3.527333e+02,1.885714e-01,2.428547e+05,4.095390e+04,1.987148e+07,1.563724e-09,1.120233e+00
3.527333e+02,2.064286e-01,2.375084e+05,4.035636e+04,2.251281e+07,1.572197e-09,1.159348e+00
3.527333e+02,2.242857e-01,2.327117e+05,3.975983e+04,2.532458e+07,1.578593e-09,1.200313e+00
3.527333e+02,2.421429e-01,2.284831e+05,3.916595e+04,2.831123e+07,1.582973e-09,1.242914e+00
3.527333e+02,2.600000e-01,2.248412e+05,3.857613e+04,3.147624e+07,1.585472e-09,1.286955e+00
3.581500e+02,1.000000e-02,3.484384e+05,5.758085e+04,8.528268e+05,1.492524e-09,8.960737e-01
3.581500e+02,2.785714e-02,3.360358e+05,5.703355e+04,2.381705e+06,1.474981e-09,8.983265e-01
3.581500e+02,4.571429e-02,3.246403e+05,5.644118e+04,3.943466e+06,1.470469e-09,9.063773e-01
3.581500e+02,6.357143e-02,3.140821e+05,5.581135e+04,5.564025e+06,1.474798e-09,9.196233e-01
3.581500e+02,8.142857e-02,3.042418e+05,5.515084e+04,7.265673e+06,1.484757e-09,9.375230e-01
3.581500e+02,9.928571e-02,2.950390e+05,5.446566e+04,9.067537e+06,1.497916e-09,9.595894e-01
3.581500e+02,1.171429e-01,2.864223e+05,5.376112e+04,1.098597e+07,1.512469e-09,9.853843e-01
3.581500e+02,1.350000e-01,2.783619e+05,5.304189e+04,1.303492e+07,1.527102e-09,1.014512e+00
3.581500e+02,1.528571e-01,2.708442e+05,5.231210e+04,1.522617e+07,1.540894e-09,1.046617e+00
3.581500e+02,1.707143e-01,2.638672e+05,5.157533e+04,1.756970e+07,1.553226e-09,1.081377e+00
3.581500e+02,1.885714e-01,2.574364e+05,5.083473e+04,2.007380e+07,1.563724e-09,1.118502e+00
3.581500e+02,2.064286e-01,2.515629e+05,5.009303e+04,2.274537e+07,1.572197e-09,1.157727e+00
3.581500e+02,2.242857e-01,2.462608e+05,4.935258e+04,2.559004e+07,1.578593e-09,1.198815e+00
3.581500e+02,2.421429e-01,2.415460e+05,4.861542e+04,2.861234e+07,1.582973e-09,1.241551e+00
3.581500e+02,2.600000e-01,2.374345e+05,4.788329e+04,3.181583e+07,1.585472e-09,1.285739e+00
3.635667e+02,1.000000e-02,3.705356e+05,7.094853e+04,8.606648e+05,1.492524e-09,8.941586e-01
3.635667e+02,2.785714e-02,3.570409e+05,7.027417e+04,2.403211e+06,1.474981e-09,8.962637e-01
3.635667e+02,4.571429e-02,3.446437e+05,6.954428e+04,3.978625e+06,1.470469e-09,9.041939e-01
3.635667e+02,6.357143e-02,3.331622e+05,6.876823e+04,5.613241e+06,1.474798e-09,9.173440e-01
3.635667e+02,8.142857e-02,3.224672e+05,6.795438e+04,7.329712e+06,1.484757e-09,9.351701e-01
3.635667e+02,9.928571e-02,3.124693e+05,6.711013e+04,9.147478e+06,1.497916e-09,9.571833e-01
3.635667e+02,1.171429e-01,3.031094e+05,6.624202e+04,1.108316e+07,1.512469e-09,9.829433e-01
3.635667e+02,1.350000e-01,2.943512e+05,6.535583e+04,1.315093e+07,1.527102e-09,1.012053e+00
3.635667e+02,1.528571e-01,2.861754e+05,6.445661e+04,1.536280e+07,1.540894e-09,1.044155e+00
3.635667e+02,1.707143e-01,2.785746e+05,6.354880e+04,1.772887e+07,1.553226e-09,1.078926e+00
3.635667e+02,1.885714e-01,2.715503e+05,6.263627e+04,2.025761e+07,1.563724e-09,1.116074e+00
3.635667e+02,2.064286e-01,2.651096e+05,6.172237e+04,2.295602e+07,1.572197e-09,1.155333e+00
3.635667e+02,2.242857e-01,2.592633e+05,6.081002e+04,2.582984e+07,1.578593e-09,1.196467e+00
3.635667e+02,2.421429e-01,2.540242e+05,5.990173e+04,2.888368e+07,1.582973e-09,1.239257e+00
3.635667e+02,2.600000e-01,2.494060e+05,5.899963e+04,3.212116e+07,1.585472e-09,1.283508e+00
3.689833e+02,1.000000e-02,3.926327e+05,8.680879e+04,8.680375e+05,1.492524e-09,8.920320e-01
3.689833e+02,2.785714e-02,3.779896e+05,8.598368e+04,2.423369e+06,1.474981e-09,8.939741e-01
3.689833e+02,4.571429e-02,3.645358e+05,8.509062e+04,4.011442e+06,1.470469e-09,9.017590e-01
3.689833e+02,6.357143e-02,3.520780e+05,8.414109e+04,5.658959e+06,1.474798e-09,9.147798e-01
3.689833e+02,8.142857e-02,3.404766e+05,8.314531e+04,7.388898e+06,1.484757e-09,9.324913e-01
3.689833e+02,9.928571e-02,3.296334e+05,8.211233e+04,9.220974e+06,1.497916e-09,9.544034e-01
3.689833e+02,1.171429e-01,3.194815e+05,8.105016e+04,1.117205e+07,1.512469e-09,9.800746e-01
3.689833e+02,1.350000e-01,3.099782e+05,7.996586e+04,1.325651e+07,1.527102e-09,1.009107e+00
3.689833e+02,1.528571e-01,3.010979e+05,7.886563e+04,1.548652e+07,1.540894e-09,1.041142e+00
3.689833e+02,1.707143e-01,2.928286e+05,7.775488e+04,1.787235e+07,1.553226e-09,1.075855e+00
3.689833e+02,1.885714e-01,2.851670e+05,7.663835e+04,2.042260e+07,1.563724e-09,1.112954e+00
3.689833e+02,2.064286e-01,2.781165e+05,7.552016e+04,2.314438e+07,1.572197e-09,1.152173e+00
3.689833e+02,2.242857e-01,2.716844e+05,7.440386e+04,2.604351e+07,1.578593e-09,1.193273e+00
3.689833e+02,2.421429e-01,2.658807e+05,7.329252e+04,2.912466e+07,1.582973e-09,1.236036e+00
3.689833e+02,2.600000e-01,2.607164e+05,7.218877e+04,3.239155e+07,1.585472e-09,1.280266e+00
3.744000e+02,1.000000e-02,4.147314e+05,1.055079e+05,8.749466e+05,1.492524e-09,8.897017e-01
3.744000e+02,2.785714e-02,3.988799e+05,1.045050e+05,2.442183e+06,1.474981e-09,8.914653e-01
3.744000e+02,4.571429e-02,3.843114e+05,1.034196e+05,4.041916e+06,1.470469e-09,8.990797e-01
3.744000e+02,6.357143e-02,3.708207e+05,1.022655e+05,5.701173e+06,1.474798e-09,9.119377e-01
3.744000e+02,8.142857e-02,3.582579e+05,1.010553e+05,7.443210e+06,1.484757e-09,9.294935e-01
3.744000e+02,9.928571e-02,3.465160e+05,9.979978e+04,9.287985e+06,1.497916e-09,9.512565e-01
3.744000e+02,1.171429e-01,3.355204e+05,9.850881e+04,1.125257e+07,1.512469e-09,9.767848e-01
3.744000e+02,1.350000e-01,3.252214e+05,9.719095e+04,1.335152e+07,1.527102e-09,1.005680e+00
3.744000e+02,1.528571e-01,3.155878e+05,9.585372e+04,1.559718e+07,1.540894e-09,1.037584e+00
3.744000e+02,1.707143e-01,3.066022e+05,9.450371e+04,1.799994e+07,1.553226e-09,1.072171e+00
3.744000e+02,1.885714e-01,2.982569e+05,9.314668e+04,2.056850e+07,1.563724e-09,1.109149e+00
3.744000e+02,2.064286e-01,2.905513e+05,9.178762e+04,2.331008e+07,1.572197e-09,1.148251e+00
3.744000e+02,2.242857e-01,2.834895e+05,9.043086e+04,2.623058e+07,1.578593e-09,1.189239e+00
3.744000e+02,2.421429e-01,2.770783e+05,8.908013e+04,2.933474e+07,1.582973e-09,1.231894e+00
3.744000e+02,2.600000e-01,2.713261e+05,8.773862e+04,3.262632e+07,1.585472e-09,1.276021e+00
3.798167e+02,1.000000e-02,4.368336e+05,1.274220e+05,8.813942e+05,1.492524e-09,8.871759e-01
3.798167e+02,2.785714e-02,4.197100e+05,1.262109e+05,2.459656e+06,1.474981e-09,8.887453e-01
3.798167e+02,4.571429e-02,4.039649e+05,1.249000e+05,4.070051e+06,1.470469e-09,8.961640e-01
3.798167e+02,6.357143e-02,3.893814e+05,1.235063e+05,5.739880e+06,1.474798e-09,9.088252e-01
3.798167e+02,8.142857e-02,3.757991e+05,1.220446e+05,7.492633e+06,1.484757e-09,9.261839e-01
3.798167e+02,9.928571e-02,3.631021e+05,1.205284e+05,9.348475e+06,1.497916e-09,9.477496e-01
3.798167e+02,1.171429e-01,3.512078e+05,1.189693e+05,1.132466e+07,1.512469e-09,9.730809e-01
3.798167e+02,1.350000e-01,3.400598e+05,1.173777e+05,1.343589e+07,1.527102e-09,1.001780e+00
3.798167e+02,1.528571e-01,3.296209e+05,1.157627e+05,1.569464e+07,1.540894e-09,1.033488e+00
3.798167e+02,1.707143e-01,3.198685e+05,1.141323e+05,1.811143e+07,1.553226e-09,1.067880e+00
3.798167e+02,1.885714e-01,3.107904e+05,1.124934e+05,2.069505e+07,1.563724e-09,1.104664e+00
3.798167e+02,2.064286e-01,3.023821e+05,1.108521e+05,2.345279e+07,1.572197e-09,1.143574e+00
3.798167e+02,2.242857e-01,2.946440e+05,1.092135e+05,2.639063e+07,1.578593e-09,1.184371e+00
3.798167e+02,2.421429e-01,2.875799e+05,1.075822e+05,2.951338e+07,1.582973e-09,1.226837e+00
3.798167e+02,2.600000e-01,2.811957e+05,1.059621e+05,3.282485e+07,1.585472e-09,1.270776e+00
3.852333e+02,1.000000e-02,4.589408e+05,1.529581e+05,8.873829e+05,1.492524e-09,8.844633e-01
3.852333e+02,2.785714e-02,4.404778e+05,1.515042e+05,2.475794e+06,1.474981e-09,8.858224e-01
3.852333e+02,4.571429e-02,4.234910e+05,1.499306e+05,4.095852e+06,1.470469e-09,8.930199e-01
3.852333e+02,6.357143e-02,4.077513e+05,1.482575e+05,5.775079e+06,1.474798e-09,9.054505e-01
3.852333e+02,8.142857e-02,3.930881e+05,1.465030e+05,7.537157e+06,1.484757e-09,9.225703e-01
3.852333e+02,9.928571e-02,3.793762e+05,1.446828e+05,9.402418e+06,1.497916e-09,9.438904e-01
3.852333e+02,1.171429e-01,3.665254e+05,1.428113e+05,1.138826e+07,1.512469e-09,9.689701e-01
3.852333e+02,1.350000e-01,3.544721e+05,1.409007e+05,1.350952e+07,1.527102e-09,9.974127e-01
3.852333e+02,1.528571e-01,3.431732e+05,1.389621e+05,1.577877e+07,1.540894e-09,1.028860e+00
3.852333e+02,1.707143e-01,3.326008e+05,1.370050e+05,1.820663e+07,1.553226e-09,1.062989e+00
3.852333e+02,1.885714e-01,3.227381e+05,1.350376e+05,2.080198e+07,1.563724e-09,1.099506e+00
3.852333e+02,2.064286e-01,3.135766e+05,1.330674e+05,2.357218e+07,1.572197e-09,1.138148e+00
3.852333e+02,2.242857e-01,3.051131e+05,1.311004e+05,2.652326e+07,1.578593e-09,1.178675e+00
3.852333e+02,2.421429e-01,2.973484e+05,1.291422e+05,2.966009e+07,1.582973e-09,1.220871e+00
3.852333e+02,2.600000e-01,2.902856e+05,1.271974e+05,3.298651e+07,1.585472e-09,1.264538e+00
3.906500e+02,1.000000e-02,4.810549e+05,1.825537e+05,8.929157e+05,1.492524e-09,8.815730e-01
3.906500e+02,2.785714e-02,4.611816e+05,1.808186e+05,2.490604e+06,1.474981e-09,8.827056e-01
3.906500e+02,4.571429e-02,4.428843e+05,1.789405e+05,4.119327e+06,1.470469e-09,8.896562e-01
3.906500e+02,6.357143e-02,4.259218e+05,1.769437e+05,5.806774e+06,1.474798e-09,9.018219e-01
3.906500e+02,8.142857e-02,4.101129e+05,1.748496e+05,7.576774e+06,1.484757e-09,9.186612e-01
3.906500e+02,9.928571e-02,3.953234e+05,1.726773e+05,9.449788e+06,1.497916e-09,9.396869e-01
3.906500e+02,1.171429e-01,3.814549e+05,1.704437e+05,1.144333e+07,1.512469e-09,9.644605e-01
3.906500e+02,1.350000e-01,3.684371e+05,1.681634e+05,1.357233e+07,1.527102e-09,9.925867e-01
3.906500e+02,1.528571e-01,3.562205e+05,1.658497e+05,1.584945e+07,1.540894e-09,1.023709e+00
3.906500e+02,1.707143e-01,3.447721e+05,1.635139e+05,1.828539e+07,1.553226e-09,1.057504e+00
3.906500e+02,1.885714e-01,3.340704e+05,1.611659e+05,2.088908e+07,1.563724e-09,1.093683e+00
3.906500e+02,2.064286e-01,3.241027e+05,1.588144e+05,2.366796e+07,1.572197e-09,1.131980e+00
3.906500e+02,2.242857e-01,3.148622e+05,1.564669e+05,2.662809e+07,1.578593e-09,1.172158e+00
3.906500e+02,2.421429e-01,3.063467e+05,1.541298e+05,2.977440e+07,1.582973e-09,1.214001e+00
3.906500e+02,2.600000e-01,2.985564e+05,1.518087e+05,3.311075e+07,1.585472e-09,1.257313e+00
3.960667e+02,1.000000e-02,5.031776e+05,2.166782e+05,8.979957e+05,1.492524e-09,8.785146e-01
3.960667e+02,2.785714e-02,4.818194e+05,2.146187e+05,2.504093e+06,1.474981e-09,8.794043e-01
3.960667e+02,4.571429e-02,4.621393e+05,2.123896e+05,4.140484e+06,1.470469e-09,8.860820e-01
3.960667e+02,6.357143e-02,4.438839e+05,2.100195e+05,5.834970e+06,1.474798e-09,8.979484e-01
3.960667e+02,8.142857e-02,4.268614e+05,2.075340e+05,7.611481e+06,1.484757e-09,9.144650e-01
3.960667e+02,9.928571e-02,4.109283e+05,2.049556e+05,9.490569e+06,1.497916e-09,9.351477e-01
3.960667e+02,1.171429e-01,3.959781e+05,2.023044e+05,1.148982e+07,1.512469e-09,9.595603e-01
3.960667e+02,1.350000e-01,3.819335e+05,1.995980e+05,1.362425e+07,1.527102e-09,9.873098e-01
3.960667e+02,1.528571e-01,3.687389e+05,1.968517e+05,1.590657e+07,1.540894e-09,1.018042e+00
3.960667e+02,1.707143e-01,3.563557e+05,1.940793e+05,1.834753e+07,1.553226e-09,1.051435e+00
3.960667e+02,1.885714e-01,3.447578e+05,1.912924e+05,2.095613e+07,1.563724e-09,1.087201e+00
3.960667e+02,2.064286e-01,3.339282e+05,1.885013e+05,2.373984e+07,1.572197e-09,1.125078e+00
3.960667e+02,2.242857e-01,3.238567e+05,1.857150e+05,2.670476e+07,1.578593e-09,1.164828e+00
3.960667e+02,2.421429e-01,3.145377e+05,1.829410e+05,2.985586e+07,1.582973e-09,1.206237e+00
3.960667e+02,2.600000e-01,3.059686e+05,1.801860e+05,3.319702e+07,1.585472e-09,1.249110e+00
4.014833e+02,1.000000e-02,5.253105e+05,2.558321e+05,9.026266e+05,1.492524e-09,8.752982e-01
4.014833e+02,2.785714e-02,5.023893e+05,2.534004e+05,2.516270e+06,1.474981e-09,8.759283e-01
4.014833e+02,4.571429e-02,4.812506e+05,2.507685e+05,4.159334e+06,1.470469e-09,8.823070e-01
4.014833e+02,6.357143e-02,4.616289e+05,2.479702e+05,5.859675e+06,1.474798e-09,8.938393e-01
4.014833e+02,8.142857e-02,4.433215e+05,2.450356e+05,7.641279e+06,1.484757e-09,9.099911e-01
4.014833e+02,9.928571e-02,4.261756e+05,2.419913e+05,9.524745e+06,1.497916e-09,9.302817e-01
4.014833e+02,1.171429e-01,4.100767e+05,2.388610e+05,1.152771e+07,1.512469e-09,9.542783e-01
4.014833e+02,1.350000e-01,3.949401e+05,2.356655e+05,1.366521e+07,1.527102e-09,9.815907e-01
4.014833e+02,1.528571e-01,3.807041e+05,2.324230e+05,1.595002e+07,1.540894e-09,1.011867e+00
4.014833e+02,1.707143e-01,3.673246e+05,2.291496e+05,1.839292e+07,1.553226e-09,1.044789e+00
4.014833e+02,1.885714e-01,3.547707e+05,2.258591e+05,2.100293e+07,1.563724e-09,1.080070e+00
4.014833e+02,2.064286e-01,3.430211e+05,2.225637e+05,2.378755e+07,1.572197e-09,1.117449e+00
4.014833e+02,2.242857e-01,3.320619e+05,2.192738e+05,2.675293e+07,1.578593e-09,1.156692e+00
4.014833e+02,2.421429e-01,3.218843e+05,2.159986e+05,2.990404e+07,1.582973e-09,1.197584e+00
4.014833e+02,2.600000e-01,3.124827e+05,2.127458e+05,3.324481e+07,1.585472e-09,1.239934e+00
4.069000e+02,1.000000e-02,5.474555e+05,3.005479e+05,9.068120e+05,1.492524e-09,8.719342e-01
4.069000e+02,2.785714e-02,5.228894e+05,2.976912e+05,2.527144e+06,1.474981e-09,8.722879e-01
4.069000e+02,4.571429e-02,5.002129e+05,2.945992e+05,4.175887e+06,1.470469e-09,8.783411e-01
4.069000e+02,6.357143e-02,4.791479e+05,2.913118e+05,5.880899e+06,1.474798e-09,8.895046e-01
4.069000e+02,8.142857e-02,4.594812e+05,2.878642e+05,7.666171e+06,1.484757e-09,9.052491e-01
4.069000e+02,9.928571e-02,4.410503e+05,2.842879e+05,9.552307e+06,1.497916e-09,9.250984e-01
4.069000e+02,1.171429e-01,4.237324e+05,2.806104e+05,1.155695e+07,1.512469e-09,9.486237e-01
4.069000e+02,1.350000e-01,4.074357e+05,2.768564e+05,1.369516e+07,1.527102e-09,9.754385e-01
4.069000e+02,1.528571e-01,3.920922e+05,2.730472e+05,1.597972e+07,1.540894e-09,1.005194e+00
4.069000e+02,1.707143e-01,3.776521e+05,2.692016e+05,1.842142e+07,1.553226e-09,1.037575e+00
4.069000e+02,1.885714e-01,3.640796e+05,2.653360e+05,2.102929e+07,1.563724e-09,1.072297e+00
4.069000e+02,2.064286e-01,3.513492e+05,2.614646e+05,2.381086e+07,1.572197e-09,1.109103e+00
4.069000e+02,2.242857e-01,3.394432e+05,2.575997e+05,2.677229e+07,1.578593e-09,1.147758e+00
4.069000e+02,2.421429e-01,3.283493e+05,2.537521e+05,2.991856e+07,1.582973e-09,1.188052e+00
4.069000e+02,2.600000e-01,3.180592e+05,2.499307e+05,3.325363e+07,1.585472e-09,1.229794e+00
4.123167e+02,1.000000e-02,5.696141e+05,3.513894e+05,9.105560e+05,1.492524e-09,8.684336e-01
4.123167e+02,2.785714e-02,5.433177e+05,3.480494e+05,2.536724e+06,1.474981e-09,8.684938e-01
4.123167e+02,4.571429e-02,5.190207e+05,3.444345e+05,4.190157e+06,1.470469e-09,8.741949e-01
4.123167e+02,6.357143e-02,4.964323e+05,3.405909e+05,5.898654e+06,1.474798e-09,8.849545e-01
4.123167e+02,8.142857e-02,4.753284e+05,3.365601e+05,7.686162e+06,1.484757e-09,9.002491e-01
4.123167e+02,9.928571e-02,4.555371e+05,3.323788e+05,9.573250e+06,1.497916e-09,9.196077e-01
4.123167e+02,1.171429e-01,4.369270e+05,3.280793e+05,1.157754e+07,1.512469e-09,9.426063e-01
4.123167e+02,1.350000e-01,4.193992e+05,3.236902e+05,1.371406e+07,1.527102e-09,9.688627e-01
4.123167e+02,1.528571e-01,4.028790e+05,3.192366e+05,1.599559e+07,1.540894e-09,9.980318e-01
4.123167e+02,1.707143e-01,3.873112e+05,3.147405e+05,1.843290e+07,1.553226e-09,1.029802e+00
4.123167e+02,1.885714e-01,3.726549e+05,3.102209e+05,2.103505e+07,1.563724e-09,1.063892e+00
4.123167e+02,2.064286e-01,3.588803e+05,3.056947e+05,2.380954e+07,1.572197e-09,1.100047e+00
4.123167e+02,2.242857e-01,3.459658e+05,3.011760e+05,2.676254e+07,1.578593e-09,1.138035e+00
4.123167e+02,2.421429e-01,3.338957e+05,2.966775e+05,2.989906e+07,1.582973e-09,1.177649e+00
4.123167e+02,2.600000e-01,3.226587e+05,2.922096e+05,3.322304e+07,1.585472e-09,1.218698e+00
4.177333e+02,1.000000e-02,5.917882e+05,4.089523e+05,9.138626e+05,1.492524e-09,8.648079e-01
4.177333e+02,2.785714e-02,5.636725e+05,4.050652e+05,2.545022e+06,1.474981e-09,8.645571e-01
4.177333e+02,4.571429e-02,5.376685e+05,4.008580e+05,4.202157e+06,1.470469e-09,8.698794e-01
4.177333e+02,6.357143e-02,5.134732e+05,3.963849e+05,5.912954e+06,1.474798e-09,8.801998e-01
4.177333e+02,8.142857e-02,4.908511e+05,3.916938e+05,7.701261e+06,1.484757e-09,8.950015e-01
4.177333e+02,9.928571e-02,4.696207e+05,3.868274e+05,9.587571e+06,1.497916e-09,9.138199e-01
4.177333e+02,1.171429e-01,4.496422e+05,3.818236e+05,1.158944e+07,1.512469e-09,9.362362e-01
4.177333e+02,1.350000e-01,4.308092e+05,3.767155e+05,1.372186e+07,1.527102e-09,9.618732e-01
4.177333e+02,1.528571e-01,4.130405e+05,3.715324e+05,1.599755e+07,1.540894e-09,9.903903e-01
4.177333e+02,1.707143e-01,3.962751e+05,3.662997e+05,1.842727e+07,1.553226e-09,1.021480e+00
4.177333e+02,1.885714e-01,3.804672e+05,3.610398e+05,2.102004e+07,1.563724e-09,1.054864e+00
4.177333e+02,2.064286e-01,3.655824e+05,3.557720e+05,2.378337e+07,1.572197e-09,1.090291e+00
4.177333e+02,2.242857e-01,3.515952e+05,3.505132e+05,2.672341e+07,1.578593e-09,1.127533e+00
4.177333e+02,2.421429e-01,3.384864e+05,3.452777e+05,2.984517e+07,1.582973e-09,1.166383e+00
4.177333e+02,2.600000e-01,3.262416e+05,3.400780e+05,3.315260e+07,1.585472e-09,1.206655e+00
4.231500e+02,1.000000e-02,6.139795e+05,4.738634e+05,9.167361e+05,1.492524e-09,8.610690e-01
4.231500e+02,2.785714e-02,5.839516e+05,4.693594e+05,2.552047e+06,1.474981e-09,8.604897e-01
4.231500e+02,4.571429e-02,5.561511e+05,4.644844e+05,4.211902e+06,1.470469e-09,8.654060e-01
4.231500e+02,6.357143e-02,5.302618e+05,4.593013e+05,5.923812e+06,1.474798e-09,8.752517e-01
4.231500e+02,8.142857e-02,5.060372e+05,4.538656e+05,7.711480e+06,1.484757e-09,8.895176e-01
4.231500e+02,9.928571e-02,4.832859e+05,4.482268e+05,9.595275e+06,1.497916e-09,9.077458e-01
4.231500e+02,1.171429e-01,4.618597e+05,4.424288e+05,1.159265e+07,1.512469e-09,9.295241e-01
4.231500e+02,1.350000e-01,4.416445e+05,4.365099e+05,1.371852e+07,1.527102e-09,9.544806e-01
4.231500e+02,1.528571e-01,4.225526e+05,4.305041e+05,1.598554e+07,1.540894e-09,9.822797e-01
4.231500e+02,1.707143e-01,4.045171e+05,4.244408e+05,1.840442e+07,1.553226e-09,1.012618e+00
4.231500e+02,1.885714e-01,3.874869e+05,4.183460e+05,2.098414e+07,1.563724e-09,1.045223e+00
4.231500e+02,2.064286e-01,3.714233e+05,4.122422e+05,2.373217e+07,1.572197e-09,1.079845e+00
4.231500e+02,2.242857e-01,3.562966e+05,4.061486e+05,2.665466e+07,1.578593e-09,1.116260e+00
4.231500e+02,2.421429e-01,3.420842e+05,4.000821e+05,2.975660e+07,1.582973e-09,1.154264e+00
4.231500e+02,2.600000e-01,3.287685e+05,3.940570e+05,3.304194e+07,1.585472e-09,1.193674e+00
